Section,Programme,English title,Episodes,Latest episode,Plays outside Portugal,Description (PT),Description (EN),Link
Documentaries (Portugal),Visita Guiada,Guided Tour,12+,05 set. 2026,yes,"Programa com autoria e apresentação de Paula Moura Pinheiro, o Visita Guiada conta a História do território português e das suas relações com o resto do mundo através do património histórico, material e imaterial…","Written and presented by Paula Moura Pinheiro, Visita Guiada tells the history of the Portuguese territory and its relations with the rest of the world through its historical heritage, both tangible and intangible…",https://www.rtp.pt/play/p13200/e951916/visita-guiada
Documentaries (Portugal),Hora dos Portugueses,The Portuguese Hour,12+,05 set. 2026,yes,A portugalidade sob diferentes olhares.,Portuguese identity seen from different points of view.,https://www.rtp.pt/play/p16132/e952005/hora-dos-portugueses
Documentaries (Portugal),Habitat,Habitat,4,04 set. 2026,no,"Ilhas - Neste episódio, viajamos pelas Ilhas de Portugal, onde conhecemos três pessoas diferentes que vivem apaixonadamente sua relação com a natu","Islands - In this episode, we travel through the Islands of Portugal, where we meet three different people who passionately live their relationship with natu…",https://www.rtp.pt/play/p14791/e951707/habitat
Documentaries (Portugal),Os Primeiros Alentejanos,The First Alentejans,1,03 set. 2026,yes,"Este documentário viaja até ao Neolítico, 7.000 anos antes do presente, para explorar a transformação da paisagem alentejana. A partir dos monume","This documentary travels back to the Neolithic, 7,000 years before the present, to explore the transformation of the Alentejo landscape. Based on the monu…",https://www.rtp.pt/play/p17100/e951524/os-primeiros-alentejanos
Documentaries (Portugal),Poder no Feminino: A Força das Mulheres na Europa,Female Power: The Strength of Women in Europe,3,27 ago. 2026,no,A história da Europa tem sido contada quase exclusivamente como uma narrativa de homens sobre homens... até agora. A minissérie documental de 3 epi,The history of Europe has been told almost exclusively as a narrative by men about men... until now. The 3-epi…,https://www.rtp.pt/play/p14683/e950268/poder-no-feminino-a-forca-das-mulheres-na-europa
Documentaries (Portugal),Contos do Esquecimento,Tales of Forgetting,1,27 ago. 2026,no,"Achados arqueológicos recentes em Lagos, no sul de Portugal, revelaram o passado esquecido do papel de Portugal no tráfico transatlântico de africa","Recent archaeological finds in Lagos, in southern Portugal, have revealed the forgotten past of Portugal's role in the transatlantic trafficking of Africa…",https://www.rtp.pt/play/p17065/e950594/contos-do-esquecimento
Documentaries (Portugal),Bartolomeu Cid dos Santos -  Por Terras Devastadas,Bartolomeu Cid dos Santos - Through Devastated Lands,3,24 ago. 2026,yes,"Bartolomeu Cid dos Santos (1931-2008), gravador, pintor, é um dos grandes artistas do século XX. O seu é o mundo crepuscular do fim do Império, el","Bartolomeu Cid dos Santos (1931-2008), engraver and painter, is one of the great artists of the 20th century. His is the twilight world of the end of the Empire, he…",https://www.rtp.pt/play/p15433/e949633/bartolomeu-cid-dos-santos-por-terras-devastadas
Documentaries (Portugal),Teia,Web,2,24 ago. 2026,yes,"A Trama dos Dias (26´21) - Guida Fonseca é artista, investigadora e formadora em tecelagem e tapeçaria, com atelier em Loures. Ao longo das suas vi","The Weave of the Days (26'21) - Guida Fonseca is an artist, researcher and trainer in weaving and tapestry, with a studio in Loures. Throughout her li…",https://www.rtp.pt/play/p16890/e949729/teia
Documentaries (Portugal),Repovoadores,Repopulators,12+,23 ago. 2026,yes,Um retrato inspirador de quem trocou a vida na grande cidade por um novo começo no interior de Portugal…,An inspiring portrait of those who traded life in the big city for a fresh start in the interior of Portugal…,https://www.rtp.pt/play/p16302/e949622/repovoadores
Documentaries (Portugal),Portuguese Soul,Portuguese Soul,8,21 ago. 2026,yes,"Terceira temporada do programa apresentado por Gisela João, o testemunho vivo de um país cheio de talentos…","The third season of the programme presented by Gisela João, living proof of a country full of talent…",https://www.rtp.pt/play/p16871/e949558/portuguese-soul
Documentaries (Portugal),Othon,Othon,1,14 ago. 2026,no,"Quando o primeiro homem percebeu que, com a ajuda de outros homens, faria mais e melhor, as coisas não voltariam a ser como dantes. Nasceram as cidad","When the first man realised that, with the help of other men, he could do more and better, things would never be the same again. Cities were born…",https://www.rtp.pt/play/p9121/e948382/othon
Documentaries (Portugal),Portugal no Mundo - Festa de São João em Clermont Ferrand,Portugal in the World - St John's Festival in Clermont-Ferrand,3,12 ago. 2026,yes,"No segundo dia das celebrações do São João em Clermont-Ferrand, percorremos as principais ruas da cidade, na companhia dos grupos folclóricos por","On the second day of the St John's celebrations in Clermont-Ferrand, we walk through the city's main streets, in the company of the Portuguese folk groups…",https://www.rtp.pt/play/p16980/e948163/portugal-no-mundo-festa-de-sao-joao-em-clermont-ferrand
Documentaries (Portugal),Portugueses pelo Mundo - Comunidades,Portuguese Around the World - Communities,12+,10 ago. 2026,yes,As histórias das comunidades portuguesas que residem no estrangeiro e a sua ligação a Portugal…,The stories of the Portuguese communities living abroad and their connection to Portugal…,https://www.rtp.pt/play/p10520/e947627/portugueses-pelo-mundo-comunidades
Documentaries (Portugal),Outra Goa,Another Goa,2,05 ago. 2026,yes,"II Parte - Nesta Outra Goa, o hinduísmo coexiste com o catolicismo, o islão, em recrudescimento no Estado, dialoga com ambos, e com eles dialogam ta","Part II - In this Other Goa, Hinduism coexists with Catholicism; Islam, resurgent in the State, engages in dialogue with both, and they also dialogue…",https://www.rtp.pt/play/p14202/e946846/outra-goa
Documentaries (Portugal),Churchill na Madeira,Churchill in Madeira,2,23 jul. 2026,no,"A Visita - 1 de janeiro de 1950. Winston Churchill chega à Madeira para 16 dias de férias. Tem, nesta altura, 75 anos de idade. Pensa descansar, pin","The Visit - 1 January 1950. Winston Churchill arrives in Madeira for a 16-day holiday. At this point he is 75 years old. He plans to rest, pai…",https://www.rtp.pt/play/p11847/e944361/churchill-na-madeira
Documentaries (Portugal),Viagem na Minha Terra,Journey Through My Homeland,7,21 jul. 2026,yes,"José Cid - Catarina Furtado faz com José Cid um percurso pelos locais de infância e juventude do cantor, desde a vila ribatejana da Chamusca, onde ","José Cid - Catarina Furtado takes a journey with José Cid through the places of the singer's childhood and youth, from the Ribatejo town of Chamusca, where…",https://www.rtp.pt/play/p16770/e944175/viagem-na-minha-terra
Documentaries (Portugal),Montado - O Bosque do Lince Ibérico,Montado - The Forest of the Iberian Lynx,1,19 jul. 2026,no,Existe um bosque ancestral na Península Ibérica que conserva uma biodiversidade extraordinária: é o Montado. Na Idade Média as comunidades rurais,"There is an ancient forest in the Iberian Peninsula that preserves extraordinary biodiversity: the Montado. In the Middle Ages, rural communities…",https://www.rtp.pt/play/p13812/e943583/montado-o-bosque-do-lince-iberico
Documentaries (Portugal),Somos Academia,We Are Academia,12+,15 jul. 2026,yes,100 Anos da Associação Protectora dos Diabéticos de Portugal - Insulina para Todos…,100 Years of the Portuguese Diabetics' Protection Association - Insulin for All…,https://www.rtp.pt/play/p16654/e942705/somos-academia
Documentaries (Portugal),"10 Mil Km, De Regresso ao Japão","10,000 Km, Back to Japan",4,09 jul. 2026,no,"Série de quatro episódios que explora os laços históricos, culturais e humanos que unem Portugal e o Japão há mais de quatro séculos. Muito al","A four-episode series exploring the historical, cultural and human ties that have linked Portugal and Japan for more than four centuries. Far be…",https://www.rtp.pt/play/p16834/e941469/10-mil-km-de-regresso-ao-japao
Documentaries (Portugal),Concentrados - Depósito de Concentrados Alemães na Ilha Terceira (1916-1919),Internees - The German Internment Depot on Terceira Island (1916-1919),6,28 jun. 2026,no,"Documentário de José Vieira Mendes, baseado num estudo do investigador Sérgio Rezendes, que revela o episódio histórico, e pouco conhecido, do De","A documentary by José Vieira Mendes, based on a study by researcher Sérgio Rezendes, which reveals the little-known historical episode of the De…",https://www.rtp.pt/play/p12690/e939322/concentrados-deposito-de-concentrados-alemaes-na-ilha-terceira-1916-1919
Documentaries (Portugal),A Mais Longa Jornada,The Longest Journey,1,27 jun. 2026,no,"No futuro próximo, um grupo de mulheres e homens fará uma viagem ao desconhecido. Esta viagem será um enorme desafio humano e tecnológico... Para ","In the near future, a group of women and men will make a journey into the unknown. This journey will be an enormous human and technological challenge... To…",https://www.rtp.pt/play/p12413/e938953/a-mais-longa-jornada
Documentaries (Portugal),José Fonseca e Costa - A Luz no Olhar,José Fonseca e Costa - The Light in His Eyes,3,26 jun. 2026,yes,Aos 82 anos o realizador José Fonseca e Costa é um cineasta de referência na filmografia nacional e símbolo de uma geração conhecida como o novo,"At 82, director José Fonseca e Costa is a leading filmmaker in national cinema and a symbol of a generation known as the new…",https://www.rtp.pt/play/p13598/e938485/jose-fonseca-e-costa-a-luz-no-olhar
Documentaries (Portugal),Daniel Faria: O Silêncio e a Palavra,Daniel Faria: Silence and the Word,1,22 jun. 2026,no,"Uma obra documental que procura desvendar o que ficou por dizer sobre Daniel Faria (1971-1999). Se fosse vivo, Daniel completaria 50 anos de idade em ","A documentary work that seeks to uncover what was left unsaid about Daniel Faria (1971-1999). Were he alive, Daniel would have turned 50 in…",https://www.rtp.pt/play/p12630/e938021/daniel-faria-o-silencio-e-a-palavra
Documentaries (Portugal),Caiu,Fallen,1,20 jun. 2026,no,"Anos 50. Uma família pobre rural atravessa o montado alentejano para enterrar um familiar. Mas o caminho reserva-lhes uma surpresa: um baú fechado, ","The 1950s. A poor rural family crosses the Alentejo cork-oak woodland to bury a relative. But the road holds a surprise for them: a locked chest,…",https://www.rtp.pt/play/p13471/e937380/caiu
Documentaries (Portugal),Exílio no Atlântico,Exile in the Atlantic,1,17 jun. 2026,no,"'O Rochedo de Gibraltar era, no princípio da Segunda Guerra Mundial, uma Fortaleza Britânica fortemente protegida. Com as iminentes ameaças de ataq","'At the start of the Second World War, the Rock of Gibraltar was a heavily protected British Fortress. With the imminent threats of attac…",https://www.rtp.pt/play/p7533/e936717/exilio-no-atlantico
Documentaries (Portugal),BIAL: 100 Anos Inspirados Pelo Futuro,BIAL: 100 Years Inspired by the Future,2,13 jun. 2026,no,"Conduzido pelo aclamado ator internacional Pêpê Rapazote, o documentário de Ricardo Clara Couto convida-nos a percorrer o singular caminho que a pr","Presented by acclaimed international actor Pêpê Rapazote, Ricardo Clara Couto's documentary invites us to follow the unique path that the…",https://www.rtp.pt/play/p14796/e935855/bial-100-anos-inspirados-pelo-futuro
Documentaries (Portugal),No Táxi do Jack,Jack's Ride,2,11 jun. 2026,no,"Estreado no Festival de Cinema de Berlim em 2021, ?No Táxi do Jack? percorreu mais de 25 festivais nacionais e internacionais e arrecadou quatro pré","Premiered at the Berlin Film Festival in 2021, 'Jack's Ride' has been shown at more than 25 national and international festivals and won four awa…",https://www.rtp.pt/play/p14728/e935356/no-taxi-do-jack
Documentaries (Portugal),Falamos de António Campos,Talking About António Campos,3,29 mai. 2026,yes,"Este documentário fala de António Campos revisitando o seu percurso de cineasta excecional a quem chamaram amador, um dos mais singulares realizador","This documentary talks about António Campos, revisiting his career as an exceptional filmmaker who was called an amateur, one of the most singular directors…",https://www.rtp.pt/play/p15022/e932281/falamos-de-antonio-campos
Documentaries (Portugal),Submersos no Índico,Submerged in the Indian Ocean,1,18 mai. 2026,yes,"A costa da Ilha de Moçambique, Património Mundial da Humanidade, é também um cemitério submerso que preserva séculos de história marítima. Des","The coast of the Island of Mozambique, a World Heritage Site, is also an underwater cemetery that preserves centuries of maritime history. Si…",https://www.rtp.pt/play/p16717/e929768/submersos-no-indico
Documentaries (Portugal),Wenceslau de Moraes,Wenceslau de Moraes,1,14 mai. 2026,yes,"Em 1854 nasce em Lisboa Wenceslau de Moraes, autor do celebrado 'O Culto do Chá', um dos seus livros em que fala com minúcia de um país que admirav","In 1854, Wenceslau de Moraes is born in Lisbon, author of the celebrated 'The Cult of Tea', one of his books in which he writes in detail about a country he admired…",https://www.rtp.pt/play/p16692/e928925/wenceslau-de-moraes
Documentaries (Portugal),Pólio: O Caminho Para a Erradicação,Polio: The Road to Eradication,3,10 mai. 2026,yes,"Para muitos, a poliomielite é uma doença do passado. Mas para África, o anúncio da erradicação do poliovírus selvagem foi uma vitória apenas c","For many, polio is a disease of the past. But for Africa, the announcement of the eradication of wild poliovirus was a victory only a…",https://www.rtp.pt/play/p9205/e928000/polio-o-caminho-para-a-erradicacao
Documentaries (Portugal),"Viagem no tempo, à Procura do Socialismo","Time Travel, in Search of Socialism",1,19 abr. 2026,no,"Um documentário de autoria do jornalista Alípio Freitas e Mário Lindolfo, sobre a história contemporânea de Portugal no período pós 25 de abril",A documentary by journalists Alípio Freitas and Mário Lindolfo on the contemporary history of Portugal in the period after 25 April…,https://www.rtp.pt/play/p16602/e923222/viagem-no-tempo-a-procura-do-socialismo
Documentaries (Portugal),Editor Contra,The Dissident Publisher,1,18 abr. 2026,no,"Antes do 25 de Abril de 74, as Edições Afrodite de Fernando Ribeiro de Mello publicam uma vasta coleção de livros proibidos, apreendidos e destru","Before 25 April 1974, Fernando Ribeiro de Mello's Edições Afrodite published a vast collection of banned books, seized and destroy…",https://www.rtp.pt/play/p13315/e923189/editor-contra
Documentaries (Portugal),Fotobox,Fotobox,12+,07 abr. 2026,yes,"Fotobox, o seu programa de fotografia…","Fotobox, your photography programme…",https://www.rtp.pt/play/p16322/e920367/fotobox
Documentaries (Portugal),Paulo Rocha - Memórias,Paulo Rocha - Memories,1,29 mar. 2026,yes,Entrevista com o cineasta Paulo Rocha realizada e filmada em 2010 por Edgar Feldman.,"An interview with filmmaker Paulo Rocha, directed and filmed in 2010 by Edgar Feldman.",https://www.rtp.pt/play/p16471/e918578/paulo-rocha-memorias
Documentaries (Portugal),A Correr a Ponte,Running the Bridge,1,07 mar. 2026,yes,Ficha TécnicaDiretor de Programas RTP 2Gonçalo MadaílAutor Rui AlvesVozPaulo SérgioEdição e PesquisaRui AlvesGenérico e GrafismoMargarida Rodri,Credits: RTP 2 Programme Director Gonçalo Madaíl; Author Rui Alves; Voice Paulo Sérgio; Editing and Research Rui Alves; Titles and Graphics Margarida Rodri…,https://www.rtp.pt/play/p16423/e913625/a-correr-a-ponte
Documentaries (Portugal),Portugueses na Nova Inglaterra,The Portuguese in New England,8,05 mar. 2026,yes,"Série que retrata em quatro episódios, a saga da emigração de açorianos para a Nova Inglaterra - Costa Leste dos Es…",A four-episode series portraying the saga of emigration from the Azores to New England - the East Coast of the Unit…,https://www.rtp.pt/play/p15580/e913044/portugueses-na-nova-inglaterra
Documentaries (Portugal),Entre o Mar e a Terra,Between Sea and Land,12+,02 mar. 2026,yes,100 Anos da Associação Protectora dos Diabéticos de Portugal - Insulina para Todos…,100 Years of the Portuguese Diabetics' Protection Association - Insulin for All…,https://www.rtp.pt/play/p15757/e912281/entre-o-mar-e-a-terra
Documentaries (Portugal),Sem Fazer Planos do Que Virá Depois,Without Making Plans for What Comes Next,1,01 mar. 2026,yes,"Em maio de 2017, 'Amar Pelos Dois', na voz de Salvador Sobral, deu a Portugal a sua primeira vitória no Festival da Eurovisão. Era o oposto da canç","In May 2017, 'Amar Pelos Dois', sung by Salvador Sobral, gave Portugal its first victory in the Eurovision Song Contest. It was the opposite of the song…",https://www.rtp.pt/play/p4196/e911701/sem-fazer-planos-do-que-vira-depois
Documentaries (Portugal),Nem Toda a Noite a Vida: Vitorino Nemésio,Life Is Not All Night: Vitorino Nemésio,3,20 fev. 2026,yes,"A 19 de Dezembro de 1901, às 4h, nasce na Praia da Vitória (Ilha Terceira, Açores), Vitorino Nemésio Mendes Pinheiro da Silva. A sua obra literár","On 19 December 1901, at 4 a.m., Vitorino Nemésio Mendes Pinheiro da Silva was born in Praia da Vitória (Terceira Island, Azores). His literary work…",https://www.rtp.pt/play/p14592/e909832/nem-toda-a-noite-a-vida-vitorino-nemesio
Documentaries (Portugal),Sou Capaz,I Can Do It,9,20 fev. 2026,yes,Programas de promoção da cidadania e desenvolvimento comunitário no universo dos Países Africanos de Língua Oficial…,Programmes promoting citizenship and community development in the world of the African Countries with Portuguese as an Official…,https://www.rtp.pt/play/p16326/e910062/sou-capaz
Documentaries (Portugal),Intervalo para Publicidade,Commercial Break,6,17 fev. 2026,yes,"No sexto e último episódio de 'Intervalo para Publicidade', reflete-se sobre o presente e o futuro da publicidade num mundo marcado pela saturação","In the sixth and final episode of 'Intervalo para Publicidade', we reflect on the present and future of advertising in a world marked by saturation…",https://www.rtp.pt/play/p16142/e911369/intervalo-para-publicidade
Documentaries (Portugal),Eugénio de Andrade,Eugénio de Andrade,5,19 jan. 2026,yes,"Filho de camponeses, Eugénio de Andrade (1923-2005) passou a  sua infância numa aldeia da Beira Baixa. ","The son of peasants, Eugénio de Andrade (1923-2005) spent his childhood in a village in Beira Baixa.",https://www.rtp.pt/play/p5416/e903027/eugenio-de-andrade
Documentaries (Portugal),João Ayres - Pintor Independente,João Ayres - Independent Painter,2,05 jan. 2026,yes,"Documentário com várias camadas de histórias, sobre o pintor português João Ayres (1921-2001), figura em trânsito entre Moçambique e Portugal q","A documentary with several layers of stories about the Portuguese painter João Ayres (1921-2001), a figure moving between Mozambique and Portugal wh…",https://www.rtp.pt/play/p14178/e900115/joao-ayres-pintor-independente
Documentaries (Portugal),Como Eu Atravessei África,How I Crossed Africa,1,05 jan. 2026,yes,Edição e Pós-Produção Vídeo - Sérgio Alexandre,Video Editing and Post-Production - Sérgio Alexandre,https://www.rtp.pt/play/p15587/e900103/como-eu-atravessei-africa
Documentaries (Portugal),Sousa Martins - Vida e Culto,Sousa Martins - Life and Cult,1,01 jan. 2026,no,"Médico de excelência, mestre professor, intelectual e homem de caridade, José Tomás de Sousa Martins tornou-se um santo aos olhos do povo. ","An outstanding doctor, master teacher, intellectual and charitable man, José Tomás de Sousa Martins became a saint in the eyes of the people.",https://www.rtp.pt/play/p7720/e899590/sousa-martins-vida-e-culto
Documentaries (Portugal),A Minha Tese - Raúl Saraiva,My Thesis - Raúl Saraiva,1,29 dez. 2025,yes,Está a fazer o seu doutoramento em Microbiologia Molecular e Imunologia. O trabalho que está a desenvolver visa impedir transmissão direta de doen,He is doing his PhD in Molecular Microbiology and Immunology. The work he is developing aims to prevent the direct transmission of disea…,https://www.rtp.pt/play/p16051/e898846/a-minha-tese-raul-saraiva
Documentaries (Portugal),À Mesa com Elas,At the Table with Them,7,28 dez. 2025,yes,"Serenella Andrade e Inês Carranca são um bom garfo e convidam os portugueses a sentar-se À Mesa com Elas!De norte a sul do país, servem-nos uma vi","Serenella Andrade and Inês Carranca are keen eaters and invite the Portuguese to sit down 'At the Table with Them'! From north to south of the country, they serve us a…",https://www.rtp.pt/play/p15804/e898771/a-mesa-com-elas
Documentaries (Portugal),Sempre a Tempo,Always in Time,12+,19 dez. 2025,no,"Dividido em três momentos diferentes: o Index que testa a sua cultura geral, o Gabinete de Curiosidades que é uma montra de cultura e o Ler de Ouvido que apresenta as grandes obras literárias mundiais…","Divided into three different segments: the Index, which tests your general knowledge, the Cabinet of Curiosities, a showcase of culture, and Reading by Ear, which presents the great works of world literature…",https://www.rtp.pt/play/p14758/e897058/sempre-a-tempo
Documentaries (Portugal),"Mar, a Última Fronteira - Best Of","The Sea, the Last Frontier - Best Of",1,19 dez. 2025,yes,"Um projeto da RTP, desenvolvido em parceria com o Oceanário de Lisboa e a Fundação Oceano Azul e realizado pelo fotógrafo e cineasta subaquático ","An RTP project, developed in partnership with the Lisbon Oceanarium and the Oceano Azul Foundation and directed by the underwater photographer and filmmaker…",https://www.rtp.pt/play/p15978/e896995/mar-a-ultima-fronteira-best-of
Documentaries (Portugal),Portugal Fenomenal,Phenomenal Portugal,8,13 dez. 2025,yes,"Viagens surpreendentes pelos locais mais enigmáticos, singulares e majestosos do nosso país…","Surprising journeys through the most enigmatic, unusual and majestic places in our country…",https://www.rtp.pt/play/p15768/e895695/portugal-fenomenal
Documentaries (Portugal),As Sibilas do Passo,The Sibyls of Passo,1,06 dez. 2025,yes,"O Círculo Literário Agustina Bessa-Luís, no âmbito das comemorações dos 95 anos da escritora, em 2017, realizou três documentários em torno de","The Agustina Bessa-Luís Literary Circle, as part of the celebrations of the writer's 95th birthday in 2017, made three documentaries about…",https://www.rtp.pt/play/p15917/e894440/as-sibilas-do-passo
Documentaries (Portugal),Afazeres do Mês,Jobs of the Month,12+,30 nov. 2025,yes,Magazine mensal sobre os trabalhos na horta e no jardim…,A monthly magazine programme about work in the vegetable garden and the flower garden…,https://www.rtp.pt/play/p14279/e892932/afazeres-do-mes
Documentaries (Portugal),Mata-Bicho,Breakfast,12+,25 nov. 2025,no,"As pessoas, as histórias e os produtos por trás de cachupas, muambas, calulus, caris e tantos outros pratos que celebram África à mesa…","The people, the stories and the produce behind cachupas, muambas, calulus, curries and so many other dishes that bring Africa to the table…",https://www.rtp.pt/play/p15150/e891754/mata-bicho
Documentaries (Portugal),Se o Mar Deixar,If the Sea Allows,2,24 nov. 2025,yes,'Se o Mar Deixar' é o resultado de 15 anos de filmagens realizadas por Pedro Aguilar. Durante este período estabeleceu uma relação de crescente cu,'Se o Mar Deixar' is the result of 15 years of filming by Pedro Aguilar. During this period he built an increasingly close relationship…,https://www.rtp.pt/play/p15522/e891508/se-o-mar-deixar
Documentaries (Portugal),"Espelho Meu, Espelho Meu","Mirror, Mirror",1,23 nov. 2025,yes,"O documentário 'Espelho Meu, Espelho Meu' revela a grande individual de Joana Vasconcelos 'I´m Your Mirror' no Museu Guggenheim Bilbao, mostrando os","The documentary 'Espelho Meu, Espelho Meu' reveals Joana Vasconcelos's major solo exhibition 'I'm Your Mirror' at the Guggenheim Museum Bilbao, showing the…",https://www.rtp.pt/play/p12627/e891540/espelho-meu-espelho-meu
Documentaries (Portugal),Olhares - Afrodescendentes no Portugal Contemporâneo,Perspectives - Afro-descendants in Contemporary Portugal,6,23 nov. 2025,yes,"O Racismo - Como Vivemos o Racismo na Pele, no Dia-a-Dia? - Este episódio mergulha nos diferentes sentimentos que o peso do racismo, ainda existente,","Racism - How Do We Experience Racism on Our Skin, Day to Day? - This episode delves into the different feelings that the weight of racism, still present,…",https://www.rtp.pt/play/p15664/e891372/olhares-afrodescendentes-no-portugal-contemporaneo
Documentaries (Portugal),"Frias Martins: Cientista, Professor, Divulgador e Homem de Fé","Frias Martins: Scientist, Teacher, Communicator and Man of Faith",3,30 out. 2025,yes,"Documentário sobre o cientista, investigador, professor universitário e divulgador de Ciência. Frias Martins foi um dos primeiros colaboradores da ","A documentary about the scientist, researcher, university professor and science communicator. Frias Martins was one of the first collaborators of the…",https://www.rtp.pt/play/p10382/e886032/cientista-professor-divulgador-e-o-homem
Documentaries (Portugal),Preparados para o Tsunami?,Ready for the Tsunami?,1,29 out. 2025,no,A Península Ibérica é um dos locais com maior risco de tsunamis no Oceano Atlântico. Que evidências científicas temos? O quê que a história no,The Iberian Peninsula is one of the places at greatest risk of tsunamis in the Atlantic Ocean. What scientific evidence do we have? What does history…,https://www.rtp.pt/play/p15758/e885412/preparados-para-o-tsunami
Documentaries (Portugal),ModaLisboa Base - Melhores Momentos,ModaLisboa Base - Highlights,1,24 out. 2025,yes,"Os melhores momentos da 65ª Lisboa Fashion Week, que propôs pensar sobre a materialização da Moda de Autor e também sobre novos caminhos para mod","The highlights of the 65th Lisbon Fashion Week, which set out to reflect on the materialisation of designer fashion and on new paths for fash…",https://www.rtp.pt/play/p15695/e884520/modalisboa-base-melhores-momentos
Documentaries (Portugal),A Minha Indonésia - Making Of,My Indonesia - Making Of,1,16 out. 2025,yes,"Making of do documentário 'A Minha Indonésia', que dá a conhecer a Indonésia através do olhar de Ana Gomes, antiga Embaixadora de Portugal em Jak","The making of the documentary 'A Minha Indonésia', which introduces Indonesia through the eyes of Ana Gomes, former Portuguese Ambassador in Jak…",https://www.rtp.pt/play/p15687/e882376/a-minha-indonesia-making-of
Documentaries (Portugal),João de Lacerda - O Colecionador Visionário,João de Lacerda - The Visionary Collector,1,26 set. 2025,yes,Com depoimentos de:,With contributions from:,https://www.rtp.pt/play/p15269/e877871/joao-de-lacerda-o-colecionador-visionario
Documentaries (Portugal),The Guitar Barrel Project,The Guitar Barrel Project,1,23 set. 2025,no,"A inesperada descoberta por um Luthier de umas madeiras de tonéis de vinho que supostamente pertenceram ao Marquês de Pombal, lança o desafio para ",A luthier's unexpected discovery of wood from wine barrels that supposedly belonged to the Marquis of Pombal sets the challenge for…,https://www.rtp.pt/play/p15573/e877160/the-guitar-barrel-project
Documentaries (Portugal),Por Amor à Tradição,For the Love of Tradition,8,21 set. 2025,yes,Inês Carranca leva-nos a conhecer os guardiões das tradições Portuguesas…,Inês Carranca takes us to meet the guardians of Portuguese traditions…,https://www.rtp.pt/play/p15331/e876832/por-amor-a-tradicao
Documentaries (Portugal),Matança da Páscoa - Memórias do 11 de Março de 1975,The Easter Slaughter - Memories of 11 March 1975,3,11 set. 2025,yes,"Com a participação de Otelo Saraiva de Carvalho, Francisco da Costa Gomes, António de Spínola, Vasco Lourenço, Salgueiro Maia, Diniz de Almeida, ","Featuring Otelo Saraiva de Carvalho, Francisco da Costa Gomes, António de Spínola, Vasco Lourenço, Salgueiro Maia, Diniz de Almeida,…",https://www.rtp.pt/play/p12222/e874438/matanca-da-pascoa-memorias-do-11-de-marco-de-1975
Documentaries (Portugal),Sete Cidades: Da Lenda à Realidade,Sete Cidades: From Legend to Reality,3,06 set. 2025,yes,"'Sete Cidades: Da Lenda à Realidade' é um documentário que retrata as tradições, usos e costumes dos habitantes da freguesia das sete cidades, na","'Sete Cidades: Da Lenda à Realidade' is a documentary portraying the traditions, practices and customs of the inhabitants of the parish of Sete Cidades, in…",https://www.rtp.pt/play/p10718/e873923/sete-cidades-da-lenda-a-realidade
Documentaries (Portugal),Por Isso é que Sou das Ilhas de Bruma,That's Why I'm From the Misty Isles,3,04 set. 2025,yes,Documentário sobre o autor e compositor da música Ilhas de Bruma.,A documentary about the writer and composer of the song 'Ilhas de Bruma'.,https://www.rtp.pt/play/p9010/e873616/por-isso-e-que-sou-das-ilhas-de-bruma
Documentaries (Portugal),Aprendiz de Feiticeiro - Uma Viagem ao Imaginário de Zeca Medeiros,The Sorcerer's Apprentice - A Journey into the Imagination of Zeca Medeiros,1,31 ago. 2025,yes,"Séries do artista como 'Mau Tempo no Canal', 'Xailes Negros', 'Gente Feliz com Lágrimas' ou, ainda, trabalhos como ? O Feiticeiro do Vento? e ?A Ilh","The artist's series such as 'Mau Tempo no Canal', 'Xailes Negros', 'Gente Feliz com Lágrimas' or, also, works such as 'O Feiticeiro do Vento' and 'A Ilh…",https://www.rtp.pt/play/p15466/e872629/aprendiz-de-feiticeiro-uma-viagem-ao-imaginario-de-zeca-medeiros
Documentaries (Portugal),Brumas da Memória: Os Portugueses Contra o III Reich,Mists of Memory: The Portuguese Against the Third Reich,2,28 ago. 2025,yes,"No ano em que se celebram 80 anos da libertação da França, recordamos os cerca de 500 compatriotas que, integrados na Resistência ou nas forças a","In the year marking 80 years since the liberation of France, we remember the roughly 500 compatriots who, as part of the Resistance or the a…",https://www.rtp.pt/play/p15152/e872203/brumas-da-memoria-os-portugueses-contra-o-iii-reich
Documentaries (Portugal),Vinhos de Portugal,Wines of Portugal,5,24 ago. 2025,no,Douro - O Rio do Vinho - Série documental da autoria de José António Salvador sobre alguns dos mais relevantes vinhos de Portugal.,Douro - The River of Wine - A documentary series by José António Salvador about some of Portugal's most important wines.,https://www.rtp.pt/play/p14647/e871544/vinhos-de-portugal
Documentaries (Portugal),No Reino Secreto dos Bijagós,In the Secret Kingdom of the Bijagós,5,17 ago. 2025,yes,"Os Escultores dos Espíritos - A relação com a natureza através dos rituais, das máscaras de dança e outras obras de escultura.","The Sculptors of Spirits - The relationship with nature through rituals, dance masks and other works of sculpture.",https://www.rtp.pt/play/p9042/e870550/no-reino-dos-bijagos
Documentaries (Portugal),Douro - Uma História de Séculos,Douro - A History of Centuries,2,16 ago. 2025,yes,Douro - Uma História de Séculos é um documentário com autoria de José António Salvador sobre a produção vinícola na região do Douro. Ao long,Douro - Uma História de Séculos is a documentary by José António Salvador about wine production in the Douro region. Throu…,https://www.rtp.pt/play/p1025/e870450/douro-uma-historia-de-seculos
Documentaries (Portugal),Diploma de Saída,Exit Diploma,2,13 ago. 2025,yes,"Os baixos salários, a perda de poder de compra e a ausência de progressão de carreira têm levado muitos jovens a emigrar. Entre 10 a 15 mil portug","Low wages, loss of purchasing power and the lack of career progression have led many young people to emigrate. Between 10 and 15 thousand Portu…",https://www.rtp.pt/play/p15384/e869847/diploma-de-saida
Documentaries (Portugal),Plateau,Plateau,2,12 ago. 2025,yes,Plateau é uma versão desglamourizada do universo do espetáculo e dos seus intervenientes. Parte da peça 'Durações de um minuto' de Clara Anderma,Plateau is a de-glamourised version of the world of show business and the people in it. It starts from the play 'Durações de um minuto' by Clara Anderma…,https://www.rtp.pt/play/p11794/e869881/plateau
Documentaries (Portugal),Ilha a Cores,Island in Colour,1,17 jul. 2025,yes,"Praia da Vitória - O 'Ilha a Cores' é um programa que dá a conhecer os Açores como nunca foram vistos, concelho a concelho. Este episódio centra-","Praia da Vitória - 'Ilha a Cores' is a programme that shows the Azores as they have never been seen, municipality by municipality. This episode focuses…",https://www.rtp.pt/play/p15237/e865170/ilha-a-cores
Documentaries (Portugal),Filhos de Tuga,Children of Tugas,3,16 jul. 2025,no,"A Viagem - Salvina Sousa Silva, mulher de um ex-combatente português que esteve em Angola durante a Guerra Colonial, sempre ouviu o marido falar do f","The Journey - Salvina Sousa Silva, the wife of a Portuguese veteran who served in Angola during the Colonial War, always heard her husband talk about the…",https://www.rtp.pt/play/p15169/e864512/filhos-de-tuga
Documentaries (Portugal),Sérgio Varella Cid - Um Prodígio no Fio da Navalha - Vícios Privados,Sérgio Varella Cid - A Prodigy on the Razor's Edge - Private Vices,special,09 jul. 2025,no,Vícios Privados - A vida dupla de Sérgio Varella Cid vai-se evidenciando ao mesmo tempo que vai conquistando as maiores salas e críticos mundiais. ,Private Vices - Sérgio Varella Cid's double life becomes increasingly evident as he wins over the world's greatest concert halls and critics.,https://www.rtp.pt/play/p15195/e862838/sergio-varella-cid-um-prodigio-no-fio-da-navalha
Documentaries (Portugal),Alexandria,Alexandria,9,24 nov. 2024,yes,"Um espaço de conversa, mas sem nunca esquecer algo que nos une a todos como a cultura, a história e a música…","A space for conversation, but never forgetting the things that unite us all, such as culture, history and music…",https://www.rtp.pt/play/p13932/e811133/alexandria
Documentaries (Portugal),E Depois da Revolução?,And After the Revolution?,4,27 mai. 2025,no,"Como Vivemos a Cultura? - Cinquenta anos de democracia transformaram profundamente os hábitos culturais em Portugal. Com o fim da censura, o país ab","How Do We Experience Culture? - Fifty years of democracy have profoundly transformed cultural habits in Portugal. With the end of censorship, the country op…",https://www.rtp.pt/play/p14990/e853292/e-depois-da-revolucao
Documentaries (Portugal),As 5 Revoluções Portuguesas,The 5 Portuguese Revolutions,5,12 mai. 2025,yes,"1974 - Revolução dos Cravos - Em 1974, todos os países da Europa Ocidental e da NATO são democracias pluralistas, à exceção de Espanha, Grécia","1974 - The Carnation Revolution - In 1974, all the countries of Western Europe and NATO are pluralist democracies, with the exception of Spain, Greece…",https://www.rtp.pt/play/p14784/e849529/as-5-revolucoes-portuguesas
Documentaries (Portugal),O Trabalho Não É Mercadoria,Labour Is Not a Commodity,1,01 mai. 2025,no,"Poderíamos viver numa sociedade onde o trabalho fosse feito com prazer, onde não fosse apenas mercadoria e as pessoas mão de obra? Qual o futuro do","Could we live in a society where work was done with pleasure, where it was not just a commodity and people just labour? What is the future of…",https://www.rtp.pt/play/p14894/e847000/o-trabalho-nao-e-mercadoria
Documentaries (Portugal),Aqueles que Ficaram (Em Toda a Parte Todo o Mundo Tem),"Those Who Stayed (Everywhere, Everyone Has One)",1,24 abr. 2025,no,"Portugal viveu 41 anos o regime político do Estado Novo, que prendeu, torturou e levou ao exílio a quem se lhe opunha. Através dos testemunhos dire","Portugal lived for 41 years under the Estado Novo political regime, which imprisoned, tortured and exiled those who opposed it. Through the direct testimonies…",https://www.rtp.pt/play/p14847/e845570/aqueles-que-ficaram-em-toda-a-parte-todo-o-mundo-tem
Documentaries (Portugal),Reféns no Paraíso,Hostages in Paradise,2,24 abr. 2025,yes,"Em Agosto de 1975, em pleno 'Verão Quente' em Portugal, começava a guerra civil na então colónia de Timor, hoje Timor Leste. O golpe militar da UD","In August 1975, in the middle of the 'Hot Summer' in Portugal, civil war broke out in the then colony of Timor, now East Timor. The military coup by the UD…",https://www.rtp.pt/play/p14853/e845581/refens-no-paraiso
Documentaries (Portugal),Antero de Quental: Verbo Vivo da Cultura Açoriana,Antero de Quental: Living Word of Azorean Culture,2,16 abr. 2025,yes,Documentário sobre o escritor e poeta Antero de Quental para assinalar o aniversário da sua morte.,A documentary about the writer and poet Antero de Quental to mark the anniversary of his death.,https://www.rtp.pt/play/p10189/e843757/antero-de-quental-verbo-vivo-da-cultura-acoriana
Documentaries (Portugal),Portugal no Mundo - Círio de Nazaré,Portugal in the World - Círio de Nazaré,2,13 abr. 2025,no,"Tiago Góes Ferreira leva-nos numa viagem por Belém do Pará. Vamos conhecer a cidade, a extensa comunidade portuguesa que por lá se fixou e a devo","Tiago Góes Ferreira takes us on a journey through Belém do Pará. We'll get to know the city, the large Portuguese community that settled there and the devo…",https://www.rtp.pt/play/p14415/e843150/portugal-no-mundo-cirio-de-nazare
Documentaries (Portugal),Mulheres Que Contam,Women Who Count,12+,04 abr. 2025,yes,Sandra Ribeiro - Presidente da Comissão para a Cidadania e a Igualdade de...,Sandra Ribeiro - President of the Commission for Citizenship and Equality of...,https://www.rtp.pt/play/p12977/e834807/mulheres-que-contam
Documentaries (Portugal),Geografia do Descontentamento,Geography of Discontent,2,26 mar. 2025,yes,,,https://www.rtp.pt/play/p13652/e838932/geografia-do-descontentamento
Documentaries (Portugal),Hotéis XXI,21st-Century Hotels,6,05 mar. 2025,yes,"Fuga à Rotina - Entre as esferas do lazer e do trabalho, culturalmente representativas das tensões da época moderna, a fuga ao quotidiano e a busca","Escape from Routine - Between the spheres of leisure and work, culturally representative of the tensions of the modern age, the escape from everyday life and the search…",https://www.rtp.pt/play/p14205/e834194/hoteis-xxi
Documentaries (Portugal),Luiza de Jesus - A Macabra História da Maior Serial Killer Portuguesa,Luiza de Jesus - The Macabre Story of the Greatest Portuguese Serial Killer,1,27 fev. 2025,yes,"Documentário sobre a vida e a morte de Luiza de Jesus (1748-1772), a única 'serial killer' portuguesa conhecida, que, em finais do século XVIII, ma","A documentary about the life and death of Luiza de Jesus (1748-1772), the only known Portuguese 'serial killer', who, in the late 18th century, ki…",https://www.rtp.pt/play/p14620/e832798/luiza-de-jesus
Documentaries (Portugal),Maçonaria em Portugal - Uma História,Freemasonry in Portugal - A History,1,26 fev. 2025,yes,Um documentário único que revela a verdade por detrás dos factos perdidos no tempo...,A unique documentary that reveals the truth behind facts lost in time...,https://www.rtp.pt/play/p14617/e832495/maconaria-em-portugal-uma-historia
Documentaries (Portugal),ModaLisboa Singular - Melhores Momentos,ModaLisboa Singular - Highlights,1,23 fev. 2025,yes,"Desfiles, apresentações, entrevistas, backstage, e exposições. Os melhores momentos da 63ª edição da Lisboa Fashion Week. Sílvia Alberto é qu","Shows, presentations, interviews, backstage and exhibitions. The highlights of the 63rd edition of Lisbon Fashion Week. Sílvia Alberto is the…",https://www.rtp.pt/play/p14117/e831878/modalisboa-singular-melhores-momentos
Documentaries (Portugal),Os Diários de Thomaz de Mello Breyner,The Diaries of Thomaz de Mello Breyner,3,20 jan. 2025,no,"1921 - 1933: A Ascensão do Estado Novo - O final conturbado da I República, a luta permanente pela dignificação das suas enfermarias do Desterro, ","1921 - 1933: The Rise of the Estado Novo - The troubled end of the First Republic, the constant fight to improve his wards at Desterro,…",https://www.rtp.pt/play/p14359/e823806/os-diarios-de-thomaz-de-mello-breyner
Documentaries (Portugal),No País de Alice,In Alice's Country,2,18 jan. 2025,no,"O realizador Rui Simões e a sua filha Alice encetam uma viagem pelo país, dando início a uma partilha intergeracional, através do encontro com pes","Director Rui Simões and his daughter Alice set off on a journey around the country, beginning an intergenerational exchange through meetings with peo…",https://www.rtp.pt/play/p11032/e823551/no-pais-de-alice
Documentaries (Portugal),Salazar Não ia à Bola,Salazar Didn't Go to the Football,1,15 jan. 2025,yes,"Este é um documentário sobre futebol. Sobre a História do Futebol em Portugal. Durante mais de um século, o futebol e a vida caminham lado a lado,","This is a documentary about football. About the History of Football in Portugal. For more than a century, football and life have walked side by side,…",https://www.rtp.pt/play/p13434/e829153/salazar-nao-ia-a-bola
Documentaries (Portugal),Elogio da Paixão,In Praise of Passion,12+,22 dez. 2024,yes,Programa moderado pela psicóloga Gabriela Moita sobre os afetos.,"A programme about our emotional lives, hosted by the psychologist Gabriela Moita.",https://www.rtp.pt/play/p11348/e818024/elogio-da-paixao
Documentaries (Portugal),Do Bairro,From the Neighbourhood,4,08 dez. 2024,no,"No coração pulsante da cidade, os bairros de Alfama e Mouraria encontram-se para contar as suas histórias. Com uma mistura de autenticidade, raíze","In the beating heart of the city, the neighbourhoods of Alfama and Mouraria come together to tell their stories. With a mix of authenticity, roots…",https://www.rtp.pt/play/p11189/e814675/do-bairro
Documentaries (Portugal),Naçara: Uma e Outra Vez,Naçara: Again and Again,1,04 dez. 2024,yes,"Encorajada por duas tias-avós que viviam em Silves, uma jovem portuguesa atravessa o país de nómadas em busca da tribo de um avô distante. Regress","Encouraged by two great-aunts who lived in Silves, a young Portuguese woman crosses the country of nomads in search of the tribe of a distant grandfather. Return…",https://www.rtp.pt/play/p14159/e813516/nacara-uma-e-outra-vez
Documentaries (Portugal),O Mundo de Irreversível,The World of Irreversível,1,25 nov. 2024,yes,"Margarida Vila-Nova, Rafael Morais, Soraia Chaves, Laura Dutra, Helena Caldeira, Paula de Magalhães e muitos outros, convidam-no a explorar 'O Mundo ","Margarida Vila-Nova, Rafael Morais, Soraia Chaves, Laura Dutra, Helena Caldeira, Paula de Magalhães and many others invite you to explore 'The World…",https://www.rtp.pt/play/p14151/e811586/o-mundo-de-irreversivel
Documentaries (Portugal),Mesa Portuguesa... com Estrelas Com Certeza!,"Portuguese Table... with Stars, Of Course!",12+,22 out. 2024,yes,Chefs de restaurantes com estrelas Michelin a trabalhar em Portugal viajam pelo melhor das nossas mesas…,Chefs from Michelin-starred restaurants working in Portugal travel in search of the best of our cuisine…,https://www.rtp.pt/play/p13631/e803027/mesa-portuguesa-com-estrelas-com-certeza
Documentaries (Portugal),Portugal de... Best Of,Portugal According To... Best Of,1,01 out. 2024,yes,"'Portugal de...', mergulha nas diversas perspectivas de Portugal por meio das histórias de 10 figuras notáveis de uma geração, numa abordagem docu","'Portugal de...' dives into the different perspectives of Portugal through the stories of 10 notable figures of a generation, in a documentary approach…",https://www.rtp.pt/play/p13924/e797979/portugal-de-best-of
Documentaries (Portugal),Este é o Meu Corpo - Mutilação Genital Feminina,This Is My Body - Female Genital Mutilation,3,16 set. 2024,yes,O documentário 'Este é o meu corpo' aborda a realidade de mulheres vítimas de mutilação genital em Portugal. ,The documentary 'Este é o meu corpo' addresses the reality of women who are victims of genital mutilation in Portugal.,https://www.rtp.pt/play/p10172/e794946/este-e-o-meu-corpo-mutilacao-genital-feminina
Documentaries (Portugal),Os Sobreviventes no Zoo,The Survivors at the Zoo,4,15 set. 2024,no,"Esta é uma viagem que leva o espetador a conhecer de perto algumas espécies de animais em vias de extinção, que estão ao abrigo do Programa Europ","This is a journey that lets the viewer get up close to some endangered animal species, which are protected under the European Programme…",https://www.rtp.pt/play/p13397/e794555/os-sobreviventes-no-zoo
Documentaries (Portugal),Romaria do Meu Coração,Pilgrimage of My Heart,12+,31 ago. 2024,no,As festas e romarias de Portugal…,The festivals and religious pilgrimages of Portugal…,https://www.rtp.pt/play/p8080/e791809/romaria-do-meu-coracao
Documentaries (Portugal),Fanny e a Melancolia,Fanny and Melancholy,1,16 ago. 2024,yes,"Documentário de Adriano Nazareth que remete para o Porto e um Douro do século XIX, presos pela corrente do rio e dos mistérios que esconde. ","A documentary by Adriano Nazareth that takes us back to 19th-century Porto and the Douro, held by the river's current and the mysteries it hides.",https://www.rtp.pt/play/p14697/e834482/fanny-e-a-melancolia
Documentaries (Portugal),Carlos Lopes - O Homem da Maratona,Carlos Lopes - The Marathon Man,2,15 ago. 2024,no,"- RECORDES PESSOAIS5000 metros: 13.16,38 (Oslo - 1984)10000 metros: 27.17,48 (Estocolmo - 1984)Maratona: 2.07.12 (Maratona de Roterdão - 1985)3000 me",- PERSONAL BESTS: 5000 metres: 13:16.38 (Oslo - 1984); 10000 metres: 27:17.48 (Stockholm - 1984); Marathon: 2:07:12 (Rotterdam Marathon - 1985); 3000 me…,https://www.rtp.pt/play/p10476/e789037/carlos-lopes-o-homem-da-maratona
Documentaries (Portugal),50 | 50,50 | 50,1,15 ago. 2024,yes,Documentário de Mafalda Rebelo que observa de perto as frustrações e conquistas de casais que tentam conciliar a parentalidade com a carreira profi,A documentary by Mafalda Rebelo that takes a close look at the frustrations and achievements of couples trying to reconcile parenthood with a profes…,https://www.rtp.pt/play/p11005/e789287/50-50
Documentaries (Portugal),Rosas de Ermera (Filme),Roses of Ermera (Film),1,01 ago. 2024,no,"Este documentário inclui depoimentos de Maria das Dores e João Afonso dos Santos e visita locais de Timor onde a família viveu, a localidade de Erm","This documentary includes testimonies from Maria das Dores and João Afonso dos Santos and visits places in Timor where the family lived, the town of Erm…",https://www.rtp.pt/play/p13721/e786788/rosas-de-ermera-filme
Documentaries (Portugal),Viagem ao Centro da Minha Terra: Especial Santos Populares,Journey to the Centre of My Homeland: Popular Saints Special,1,24 jul. 2024,no,"Na noite de 12 para 13 de junho, Lisboa sai à rua para participar e assistir ao Desfile das Marchas Populares em honra do Santo António que tem honr","On the night of 12 to 13 June, Lisbon takes to the streets to join in and watch the Parade of the Popular Marches in honour of Saint Anthony, who has hon…",https://www.rtp.pt/play/p13698/e785260/viagem-ao-centro-da-minha-terra-especial-santos-populares
Documentaries (Portugal),Música de Graça,Graça's Music,special,06 jul. 2024,yes,"Fernando Lopes-Graça, nascido em Tomar a 17 de Dezembro de 1906, foi porventura o mais completo compositor português do século XX, com um amplo leq","Fernando Lopes-Graça, born in Tomar on 17 December 1906, was perhaps the most complete Portuguese composer of the 20th century, with a wide ran…",https://www.rtp.pt/play/p12547/e781523/musica-de-graca
Documentaries (Portugal),Terra: Histórias da Cerâmica,Earth: Stories of Ceramics,8,07 jun. 2024,yes,"Série documental de 8 episódios que acompanha ceramistas, artistas, artesã(o)s e designers no seu processo de criação em cerâmica…","An 8-episode documentary series following ceramicists, artists, artisans and designers through their creative process in ceramics…",https://www.rtp.pt/play/p10004/e774962/terra-historias-da-ceramica
Documentaries (Portugal),"Vinho, O Sangue da Terra","Wine, the Blood of the Earth",1,21 mai. 2024,yes,"Documentário de Carlos Fraga que acompanha o ciclo anual da vinha, mostrando o lado emocional e humano que move e alimenta quem está por detrás de ","A documentary by Carlos Fraga that follows the annual cycle of the vineyard, showing the emotional and human side that drives and sustains those behind…",https://www.rtp.pt/play/p13186/e771034/vinho-o-sangue-da-terra
Documentaries (Portugal),... E Antes de Abril?,... And Before April?,2,18 mai. 2024,yes,"Neste episódio ouvimos três testemunhos de quem nasceu sem liberdade debaixo de um regime fascista. O assassinato de José Ribeiro dos Santos, um jo","In this episode we hear three testimonies from people born without freedom under a fascist regime. The murder of José Ribeiro dos Santos, a yo…",https://www.rtp.pt/play/p13366/e770240/-e-antes-de-abril
Documentaries (Portugal),Vinhos com História,Wines with History,5,29 abr. 2024,yes,"Vinho Verde Tinto - No Norte de Portugal, na região minhota, as vinhas desenham os limites dos campos de cultivo, num rendilhado de parreiras altas. ","Red Vinho Verde - In the north of Portugal, in the Minho region, the vines mark out the edges of the fields, in a lacework of tall vine trellises.",https://www.rtp.pt/play/p13170/e765344/vinhos-com-historia
Documentaries (Portugal),Os Olhos da Revolução,The Eyes of the Revolution,1,26 abr. 2024,no,"Em 1974, foi um operador de câmara da RTP, impedido de entrar nas instalações, quem salvou o 25 de Abril na televisão.","In 1974, it was an RTP cameraman, barred from entering the building, who saved the 25th of April on television.",https://www.rtp.pt/play/p13273/e765465/os-olhos-da-revolucao
Documentaries (Portugal),Salgueiro Maia - Rumo à Eternidade,Salgueiro Maia - Towards Eternity,1,22 abr. 2024,yes,"A 1 de Julho de 2019, Salgueiro Maia, nome icónico de um dos capitães da Revolução de 25 de Abril, faria 75 anos. Nasceu em Castelo de Vide e aí ","On 1 July 2019, Salgueiro Maia, the iconic name of one of the captains of the 25 April Revolution, would have turned 75. He was born in Castelo de Vide and there…",https://www.rtp.pt/play/p5993/e764213/salgueiro-maia-rumo-a-eternidade
Documentaries (Portugal),José Medeiros Ferreira: Um Pensamento Cintilante,José Medeiros Ferreira: A Brilliant Mind,2,12 abr. 2024,yes,"Documentário de Miguel Costa sobre a vida de José Medeiros Ferreira (1942-2014), personalidade de grande relevância para a história da segunda met","A documentary by Miguel Costa about the life of José Medeiros Ferreira (1942-2014), a figure of great importance in the history of the second half…",https://www.rtp.pt/play/p11508/e761471/jose-medeiros-ferreira-um-pensamento-cintilante
Documentaries (Portugal),Maria Helena Mendes Pinto - Uma Vida nas Artes Decorativas em Portugal,Maria Helena Mendes Pinto - A Life in the Decorative Arts in Portugal,1,09 abr. 2024,no,"Após acabar o Curso de Artes Decorativas da Fundação Ricardo do Espírito Santo Silva, em Lisboa, Maria Helena Mendes Pinto iniciou a sua colabora","After completing the Decorative Arts Course at the Ricardo do Espírito Santo Silva Foundation in Lisbon, Maria Helena Mendes Pinto began her collaboration…",https://www.rtp.pt/play/p8818/e760597/maria-helena-mendes-pinto-uma-vida-nas-artes-decorativas-em-portugal
Documentaries (Portugal),Portugal de...,Portugal According To...,10,29 mar. 2024,yes,Diversas perspetivas de Portugal por meio das histórias de dez figuras notáveis…,Different perspectives on Portugal through the stories of ten remarkable figures…,https://www.rtp.pt/play/p12233/e758262/portugal-de
Documentaries (Portugal),Viva a Democracia - 50 Anos e o Futuro,Long Live Democracy - 50 Years and the Future,2,29 mar. 2024,yes,Segunda Parte - Escolha e Participação - Portugal celebra 50 anos de vida em democracia - um sistema político que mudou profundamente o nosso país,Part Two - Choice and Participation - Portugal celebrates 50 years of life in democracy - a political system that has profoundly changed our country…,https://www.rtp.pt/play/p13161/e758491/5-decadas-de-democracia
Documentaries (Portugal),Portugu Esses,Portugu Esses,5,16 fev. 2024,yes,As Partilhas - O Homem que Viu Tudo - Um olhar sobre a sociedade portuguesa contemporânea através da forma como lidamos uns com os outros e como ger,The Inheritance Split - The Man Who Saw Everything - A look at contemporary Portuguese society through the way we deal with one another and how we man…,https://www.rtp.pt/play/p7273/e748838/portugu-esses
Documentaries (Portugal),Tribunal Constitucional: 40 Anos a Cumprir o Futuro,Constitutional Court: 40 Years Fulfilling the Future,12+,06 fev. 2024,yes,As leis que mexeram com o país e cuja constitucionalidade o Tribunal verificou…,The laws that shook the country and whose constitutionality was examined by the Court…,https://www.rtp.pt/play/p11787/e746384/tribunal-constitucional-40-anos-a-cumprir-o-futuro
Documentaries (Portugal),Primeiro Estranha Depois Entranha,An Acquired Taste,8,04 fev. 2024,no,Uma celebração do legado e resiliência das marcas que se tornaram parte integrante da identidade de Portugal…,A celebration of the legacy and resilience of the brands that have become an integral part of Portugal's identity…,https://www.rtp.pt/play/p12437/e745684/primeiro-estranha-depois-entranha
Documentaries (Portugal),Museu da Presidência da República,Museum of the Presidency of the Republic,1,12 jan. 2024,yes,"Documentário sobre a comemoração dos 10 anos do Museu da Presidência da República, centrado na vida e obra dos presidentes da república.","A documentary on the celebration of the 10th anniversary of the Museum of the Presidency of the Republic, focusing on the lives and work of the presidents of the republic.",https://www.rtp.pt/play/p12781/e740623/museu-da-presidencia-da-republica
Documentaries (Portugal),Um Corpo que Dança - Ballet Gulbenkian 1965-2005,A Body That Dances - Gulbenkian Ballet 1965-2005,special,26 dez. 2023,no,"A partir de imagens de arquivo inéditas e entrevistas a vários criadores e bailarinos acompanhamos o trajeto de uma companhia extraordinária, atrav","Using previously unseen archive footage and interviews with various choreographers and dancers, we follow the path of an extraordinary company, thro…",https://www.rtp.pt/play/p12617/e838538/um-corpo-que-danca-ballet-gulbenkian-1965-2005
Documentaries (Portugal),Raízes e Frutos,Roots and Fruits,12+,21 dez. 2023,no,100 Anos da Associação Protectora dos Diabéticos de Portugal - Insulina para Todos…,100 Years of the Portuguese Diabetics' Protection Association - Insulin for All…,https://www.rtp.pt/play/p12293/e736427/raizes-e-frutos
Documentaries (Portugal),Bem Bom - Realidade e Ficção,Bem Bom - Reality and Fiction,2,18 nov. 2023,yes,"Documentário sobre a rodagem do filme Bem Bom, um biopic sobre a maior girls band portuguesa, as Doce, que no início dos anos 1980 marcou a música ","A documentary about the shooting of the film Bem Bom, a biopic about the biggest Portuguese girl band, Doce, who in the early 1980s left their mark on music…",https://www.rtp.pt/play/p9038/e729219/bem-bom-realidade-e-ficcao
Documentaries (Portugal),Pobreza Zero - O Futuro a Construir,Zero Poverty - Building the Future,1,14 nov. 2023,yes,"Um milhão e 700 mil pessoas em Portugal vivem em situação de pobreza, ou seja, com um rendimento inferior a 551 euros por mês. São, essencialment","One million 700 thousand people in Portugal live in poverty, that is, on an income of less than 551 euros a month. They are mainly…",https://www.rtp.pt/play/p12427/e728104/pobreza-zero-o-futuro-a-construir
Documentaries (Portugal),Torres & Cometas,Towers & Kites,4,03 nov. 2023,no,"Uma festa de símbolos, tendo como tema a cidade de Guimarães. No contexto da sua comemoração como Capital Europeia da Cultura 2012, este é um de ","A celebration of symbols, with the city of Guimarães as its theme. In the context of its celebration as European Capital of Culture 2012, this is one of…",https://www.rtp.pt/play/p7749/e725800/torres-e-cometas
Documentaries (Portugal),Carnaval Guiné-Bissau - Do Auge ao Resgate,Guinea-Bissau Carnival - From Peak to Revival,2,26 set. 2023,yes,Na manifestação e celebração das culturas dos povos da Guiné exprime-se a essência das tradições e o valor das criações artísticas pela exu,"In the expression and celebration of the cultures of the peoples of Guinea, the essence of traditions and the value of artistic creations are expressed through the exu…",https://www.rtp.pt/play/p10171/e717854/carnaval-guine-bissau-do-auge-ao-resgate
Documentaries (Portugal),A Vida é um Autocarro Vazio,Life Is an Empty Bus,1,19 set. 2023,no,"Figura incontornável da literatura portuguesa do século XX, Maria Judite de Carvalho preferiu sempre observar à exposição. Apelidada por Agustina","An essential figure in 20th-century Portuguese literature, Maria Judite de Carvalho always preferred observing to being exposed. Nicknamed by Agustina…",https://www.rtp.pt/play/p12231/e716191/maria-judite-de-carvalho
Documentaries (Portugal),Destino: Portugal,Destination: Portugal,12+,14 set. 2023,yes,Impressões do Oriente: As Viagens de Fernão Mendes Pinto de Goa a Malaca…,Impressions of the East: The Voyages of Fernão Mendes Pinto from Goa to Malacca…,https://www.rtp.pt/play/p12107/e715268/destino-portugal
Documentaries (Portugal),Resistir à Cegueira do Mundo - Eduardo Prado Coelho,Resisting the Blindness of the World - Eduardo Prado Coelho,1,10 set. 2023,yes,"Professor, escritor e crítico literário, Eduardo Prado Coelho era presença assídua no espaço público onde se envolvia de forma ativa nos debates","A professor, writer and literary critic, Eduardo Prado Coelho was a regular presence in public life, where he took an active part in debates…",https://www.rtp.pt/play/p6866/e714678/resistir-a-cegueira-do-mundo-eduardo-prado-coelho
Documentaries (Portugal),Salto Mortal,Somersault,7,02 set. 2023,no,"Sport Club do Porto - O Sport Club do Porto, fundado em 1904, nasceu no coração da cidade, na Rua de Santa Catarina. É a coletividade mais antiga o","Sport Club do Porto - Sport Club do Porto, founded in 1904, was born in the heart of the city, on Rua de Santa Catarina. It is the oldest club…",https://www.rtp.pt/play/p12035/e713135/salto-mortal
Documentaries (Portugal),"Conceição Matos: Coragem Hoje, Abraços Amanhã","Conceição Matos: Courage Today, Hugs Tomorrow",1,16 jul. 2023,yes,"Conceição Matos nasceu em 1936 em São Pedro do Sul, com apenas 3 anos de idade, mudou-se para o Barreiro, para uma 'barraca de madeira' que partilh","Conceição Matos was born in 1936 in São Pedro do Sul; at just 3 years old she moved to Barreiro, to a 'wooden shack' that she shared…",https://www.rtp.pt/play/p11662/e705330/conceicao-matos-coragem-hoje-abracos-amanha
Documentaries (Portugal),Bom Jesus do Monte,Bom Jesus do Monte,4,13 jul. 2023,no,"Considerado Património Mundial da Humanidade, pela Unesco em 2019, o Bom Jesus do Monte é o mais completo e complexo sacro-monte do mundo. ","Declared a UNESCO World Heritage Site in 2019, Bom Jesus do Monte is the most complete and complex sacred mount in the world.",https://www.rtp.pt/play/p8946/e704981/bom-jesus-do-monte
Documentaries (Portugal),"Portugal, Uma Casa Para Todos","Portugal, A Home for Everyone",2,29 jun. 2023,yes,"Somos o país da Europa em que os jovens saem, em média, mais tarde de casa dos pais: apenas aos 34 anos. Em simultâneo, o mercado imobiliário em P","We are the country in Europe where young people leave their parents' home the latest, on average: only at 34. At the same time, the property market in…",https://www.rtp.pt/play/p11945/e701806/portugal-uma-casa-para-todos
Documentaries (Portugal),Fajãs do Tempo,The Fajãs of Time,1,29 jun. 2023,yes,Uma viagem pelas paisagens locais e pelas pessoas das fajãs que demonstra a relação sustentável entre o Homem e a Natureza,"A journey through the local landscapes and the people of the fajãs, showing the sustainable relationship between Man and Nature.",https://www.rtp.pt/play/p11935/e701756/fajas-do-tempo
Documentaries (Portugal),Ecos da Terra,Echoes of the Earth,1,28 jun. 2023,yes,"O Ecos da Terra é um Festival multicultural de música alternativa, portuguesa e do Mundo, organizado desde 2014 pela Mescla de Sons, uma Associaçã","Ecos da Terra is a multicultural festival of alternative, Portuguese and world music, organised since 2014 by Mescla de Sons, an association…",https://www.rtp.pt/play/p11933/e701487/ecos-da-terra
Documentaries (Portugal),O Pão que o Diabo Amassou,The Bread the Devil Kneaded,1,12 jun. 2023,yes,O filme é uma porta aberta para uma aldeia de montanha chamada Adsamo. Constrói-se tendo as quatro estações como pano de fundo e conta-nos a hist,The film is an open door into a mountain village called Adsamo. It is built with the four seasons as a backdrop and tells us the story…,https://www.rtp.pt/play/p11870/e697968/o-pao-que-o-diabo-amassou
Documentaries (Portugal),Prisioneiros de Guerra,Prisoners of War,1,30 mai. 2023,yes,"Em 1961, a União Indiana pôs fim a 451 anos de presença portuguesa em Goa, Damão e Diu. A reduzida guarnição militar portuguesa rendeu-se em men","In 1961, the Indian Union put an end to 451 years of Portuguese presence in Goa, Daman and Diu. The small Portuguese military garrison surrendered in less…",https://www.rtp.pt/play/p11840/e695229/prisioneiros-de-guerra
Documentaries (Portugal),Música Maestro - O Quebra Nozes - Tchaikovsky,"Music, Maestro - The Nutcracker - Tchaikovsky",special,23 mai. 2023,yes,O Quebra Nozes - Tchaikovsky - Compositor: Tchaikovsky,The Nutcracker - Tchaikovsky - Composer: Tchaikovsky,https://www.rtp.pt/play/p1113/e828848/musica-maestro
Documentaries (Portugal),Uma Cidade Imaginada,An Imagined City,1,22 mai. 2023,no,"20 anos depois, o que ficou da Expo 98? O que mudou na cidade, no país, na vida e na mente dos portugueses? A visão, os trabalhos e a herança da ú","20 years on, what remains of Expo 98? What changed in the city, in the country, in the lives and minds of the Portuguese? The vision, the work and the legacy of the…",https://www.rtp.pt/play/p11795/e693447/uma-cidade-imaginada
Documentaries (Portugal),Impressões do Oriente: As Viagens de Fernão Mendes Pinto de Goa a Malaca,Impressions of the Orient: The Travels of Fernão Mendes Pinto from Goa to Malacca,4,11 abr. 2023,no,"De Chengdu, ainda na China, de novo em Macau e finalmente no Japão, onde os portugueses levaram a primeira espingarda.","From Chengdu, still in China, back to Macau and finally to Japan, where the Portuguese brought the first gun.",https://www.rtp.pt/play/p11589/e684392/impressoes-do-oriente-as-viagens-de-fernao-mendes-pinto-de-goa-a-malaca
Documentaries (Portugal),A Arte da Cura,The Art of Healing,12+,06 abr. 2023,yes,Série de 13 episódios na qual Rita Saldanha retrata a evolução da medicina em Portugal…,A 13-episode series in which Rita Saldanha portrays the development of medicine in Portugal…,https://www.rtp.pt/play/p9539/e683510/a-arte-da-cura
Documentaries (Portugal),Vida e Obra de José Luís Tinoco,Life and Work of José Luís Tinoco,2,05 abr. 2023,yes,"Com o curso da Faculdade de Arquitetura da Universidade do Porto, pintor, poeta e músico, José Luís Tinoco nasceu em Leiria, há 84 anos.","A graduate of the Faculty of Architecture of the University of Porto, painter, poet and musician, José Luís Tinoco was born in Leiria 84 years ago.",https://www.rtp.pt/play/p9030/e683270/vida-e-obra-de-jose-luis-tinoco
Documentaries (Portugal),Laurinha,Laurinha,special,30 mar. 2023,yes,"Laura Alves foi uma estrela grande do espetáculo em Portugal, a verdadeira pop star do teatro português.Ia-se ao teatro apenas para ver Laura Alves.","Laura Alves was a great star of show business in Portugal, the true pop star of Portuguese theatre. People went to the theatre just to see Laura Alves.",https://www.rtp.pt/play/p10459/e681876/laurinha
Documentaries (Portugal),Nada Será Como Dante,Nothing Will Be Like Dante,12+,17 jan. 2023,yes,"Um programa de Literatura feito com a certeza de que, por melhor que seja, nada será como Dante…","A literature programme made in the certain knowledge that, however good it may be, nothing will ever be like Dante…",https://www.rtp.pt/play/p8322/e666548/nada-sera-como-dante
Documentaries (Portugal),Encontro D´Águas - Segredos da Ria e do Baixo Vouga Lagunar,Meeting of Waters - Secrets of the Ria and the Lower Vouga Lagoon,1,15 dez. 2022,no,"Produzido pelo Município de Estarreja, este documentário revela a natureza em todo o seu esplendor e desvenda um cenário que nem todos têm a consc","Produced by the Municipality of Estarreja, this documentary reveals nature in all its splendour and uncovers a setting that not everyone is aware…",https://www.rtp.pt/play/p8001/e659608/encontro-daguas-segredos-da-ria-e-do-baixo-vouga-lagunar
Documentaries (Portugal),João Villaret - O Domador da Voz,João Villaret - The Tamer of the Voice,special,09 dez. 2022,no,"João Villaret celebrou a poesia e deixou um legado inigualável no teatro, cinema e televisão. Recordamos um dos maiores vultos da cultura portugues","João Villaret celebrated poetry and left an unrivalled legacy in theatre, cinema and television. We remember one of the greatest figures of Portuguese…",https://www.rtp.pt/play/p8366/e658333/joao-villaret-o-domador-da-voz
Documentaries (Portugal),Maria Gabriela Llansol - Um Olhar Intenso Pode Incendiar o Texto,Maria Gabriela Llansol - An Intense Gaze Can Set the Text on Fire,3,07 dez. 2022,no,"'Escrever é o duplo de viver', ou: 'A minha maior responsabilidade é contribuir para que um livro seja um ser' refere a autora no seu livro 'Falcão","'Writing is the double of living', or: 'My greatest responsibility is to help a book become a being', says the author in her book 'Falcão…",https://www.rtp.pt/play/p8602/e657883/maria-gabriela-llansol-um-olhar-intenso-pode-incendiar-o-texto
Documentaries (Portugal),Viagem a Portugal,Journey to Portugal,6,19 nov. 2022,yes,"A Grande e Ardente Terra de Alentejo-de Algarve e Sol, Pão Seco e Pão Mole - Porchat ruma ao Sul: 'borda' tapetes em Arraiolos, usa um megafone em M","The Great and Burning Land of Alentejo - of Algarve and Sun, Dry Bread and Soft Bread - Porchat heads south: he 'embroiders' rugs in Arraiolos, uses a megaphone in M…",https://www.rtp.pt/play/p10829/e653405/viagem-a-portugal
Documentaries (Portugal),Longevidade - Desafios Económicos e Sociais,Longevity - Economic and Social Challenges,2,17 out. 2022,yes,"Os portugueses vivem cada vez mais anos, têm cada vez menos filhos e existe a necessidade de uma imigração cada vez mais qualificada. Esta realidad","The Portuguese are living longer and longer, having fewer and fewer children, and there is a need for increasingly qualified immigration. This reality…",https://www.rtp.pt/play/p10795/e647192/longevidade-desafios-economicos-e-sociais
Documentaries (Portugal),Heróis Olímpicos,Olympic Heroes,2,14 out. 2022,no,"Projeto cinematográfico documental em duas partes sobre sete portugueses distinguidos com medalha olímpica, desenvolvido para a Direção de Program","A two-part documentary film project about seven Portuguese Olympic medallists, developed for the Programming Directorate…",https://www.rtp.pt/play/p10770/e646683/herois-olimpicos
Documentaries (Portugal),12 de Outubro de 1972: O Dia em que Perdemos o Medo,12 October 1972: The Day We Lost Our Fear,1,12 out. 2022,yes,"No dia 12 de Outubro de 1972, durante uma reunião de estudantes no então Instituto Superior de Ciências Económicas e Financeiras, um agente da PID","On 12 October 1972, during a student meeting at what was then the Higher Institute of Economic and Financial Sciences, an agent of the PIDE…",https://www.rtp.pt/play/p10769/e947970/12-de-outubro-de-1972-o-dia-em-que-perdemos-o-medo
Documentaries (Portugal),"Laji, Histórias de Refugiados em Portugal","Laji, Stories of Refugees in Portugal",1,12 set. 2022,yes,"Amir foi perseguido por motivos de religião, Lana pelas opiniões acerca dos direitos das mulheres; Ahmed e Naji fugiram à guerra. Portugal recebeu ","Amir was persecuted for religious reasons, Lana for her views on women's rights; Ahmed and Naji fled war. Portugal took in…",https://www.rtp.pt/play/p10660/e639938/laji-historias-de-refugiados-em-portugal
Documentaries (Portugal),Únicos & Singulares,Unique & Singular,1,05 set. 2022,yes,"Filmado em três grandes instituições dedicadas à saúde mental, Casa de Saúde do Telhal (Belas, Sintra), Centro Hospitalar Psiquiátrico de Lisbo","Filmed in three major mental-health institutions, Casa de Saúde do Telhal (Belas, Sintra), the Centro Hospitalar Psiquiátrico de Lisboa…",https://www.rtp.pt/play/p10630/e638647/unicos-e-singulares
Documentaries (Portugal),Francisco Lyon de Castro: Maior que a Censura,Francisco Lyon de Castro: Greater Than Censorship,1,10 ago. 2022,no,"Intercalando ficção com testemunhos individuais, o documentário conta com o enquadramento histórico e político da vida de Lyon de Castro, desde o","Interweaving fiction with individual testimonies, the documentary provides the historical and political context of Lyon de Castro's life, from…",https://www.rtp.pt/play/p9366/e634610/francisco-lyon-de-castro-maior-que-a-censura
Documentaries (Portugal),Eunice & Ruy - Viagem ao Princípio,Eunice & Ruy - Journey to the Beginning,special,02 jul. 2022,yes,"Protagonizado por Eunice Muñoz e Ruy de Carvalho, este é um documentário singular. Filmado em palcos históricos como o Teatro Nacional D. Maria II","Starring Eunice Muñoz and Ruy de Carvalho, this is a unique documentary. Filmed on historic stages such as the Teatro Nacional D. Maria II…",https://www.rtp.pt/play/p10436/e627181/eunice-e-ruy-viagem-ao-principio
Documentaries (Portugal),Lisboa: Cidade Triste e Alegre,Lisbon: Sad and Joyful City,1,14 jun. 2022,yes,"Nos anos de 1950, Victor Palla e Manuel Costa Martins, dois amigos arquitetos, retratam a cidade de Lisboa em mais de 6000 fotografias. Estas são pub","In the 1950s, Victor Palla and Manuel Costa Martins, two architect friends, portrayed the city of Lisbon in more than 6,000 photographs. These were published…",https://www.rtp.pt/play/p10399/e623375/lisboa-cidade-triste-e-alegre
Documentaries (Portugal),Isabel II e Portugal,Elizabeth II and Portugal,1,30 mai. 2022,yes,"Portugal recebeu a visita da Rainha Isabel II em dois momentos marcantes para o país. A primeira, em 1957,que levou Salazar a uma encenação do paí","Portugal received a visit from Queen Elizabeth II at two defining moments for the country. The first, in 1957, led Salazar to put on a staged version of the country…",https://www.rtp.pt/play/p10368/e620605/isabel-ii-e-portugal
Documentaries (Portugal),Uma Montanha do Tamanho do Homem,A Mountain the Size of Man,1,14 mai. 2022,yes,Documentário de João Nuno Brochado que nos dá a conhecer a peculiar aldeia de Drave. Uma aldeia desabitada onde a modernidade ainda não chegou. Na,A documentary by João Nuno Brochado introducing the unusual village of Drave. An uninhabited village where modernity has not yet arrived. In…,https://www.rtp.pt/play/p2958/e617032/uma-montanha-do-tamanho-do-homem
Documentaries (Portugal),Compositores Portugueses Contemporâneos: António Ferreira dos Santos,Contemporary Portuguese Composers: António Ferreira dos Santos,special,05 mai. 2022,yes,"Cónego Ferreira dos Santos, é uma referência na história da música sacra do séc. XX.",Canon Ferreira dos Santos is a landmark figure in the history of 20th-century sacred music.,https://www.rtp.pt/play/p10262/e615138/compositores-portugueses-contemporaneos-antonio-ferreira-dos-santos
Documentaries (Portugal),Juventudes,Youths,1,03 mai. 2022,yes,São cada vez menos e representam cerca de 21% da população portuguesa. Os jovens portugueses enfrentam hoje importantes desafios: a construção de,There are fewer and fewer of them and they make up about 21% of the Portuguese population. Young Portuguese people today face major challenges: building…,https://www.rtp.pt/play/p10252/e614601/juventudes
Documentaries (Portugal),Bonecreiros da Folia,The Puppet-Makers of Folia,special,13 abr. 2022,yes,"Dois artistas que queriam mais da representação e da escultura... É assim que surge a Folia, aliando à tradicional arte de manipular marionetas a ","Two artists who wanted more from acting and sculpture... That is how Folia came about, combining the traditional art of puppet manipulation with…",https://www.rtp.pt/play/p10170/e610595/bonecreiros-da-folia
Documentaries (Portugal),Fundação Inatel - Uma Longa História (Versão 60´),Inatel Foundation - A Long History (60' Version),1,11 abr. 2022,yes,"A Fundação INATEL, antiga FNAT, é uma das poucas instituições nacionais públicas, vinda dos inícios do Estado Novo, que se prolongou em plena D","The INATEL Foundation, formerly FNAT, is one of the few national public institutions dating from the beginning of the Estado Novo that has carried on well into Democracy…",https://www.rtp.pt/play/p10174/e610349/fundacao-inatel-uma-longa-historia
Documentaries (Portugal),As Coisas em Volta: A Vida Misteriosa dos Objectos,The Things Around Us: The Mysterious Life of Objects,12+,30 mar. 2022,no,À descoberta da evolução histórica dos objetos…,Discovering the historical evolution of everyday objects…,https://www.rtp.pt/play/p9808/e607751/as-coisas-em-volta-a-vida-misteriosa-dos-objectos
Documentaries (Portugal),Ni Hao China,Ni Hao China,12+,27 fev. 2022,no,Descubra os mistérios da civilização milenar da China…,Discover the mysteries of China's thousand-year-old civilisation…,https://www.rtp.pt/play/p8458/e601419/ni-hao-china
Documentaries (Portugal),Jornal do Fundão: O Sonho e as Causas,Jornal do Fundão: The Dream and the Causes,2,08 fev. 2022,yes,"A partir da década sessenta do século XX, um semanário de uma pequena localidade da Beira Interior intitulado 'Jornal do Fundão', consegue cativar","From the 1960s onwards, a weekly newspaper from a small town in Beira Interior called 'Jornal do Fundão' managed to captivate…",https://www.rtp.pt/play/p9614/e597514/jornal-do-fundao-o-sonho-e-as-causas
Documentaries (Portugal),António Coimbra de Matos: O Olhar Nos Outros,António Coimbra de Matos: Looking at Others,1,05 jan. 2022,no,"A história de António Coimbra de Matos (1929-2021), médico e figura incontornável da saúde mental. Nasceu em 1929 numa mítica aldeia sobre o Dou","The story of António Coimbra de Matos (1929-2021), a doctor and a key figure in mental health. He was born in 1929 in a legendary village above the Douro…",https://www.rtp.pt/play/p9732/e590513/antonio-coimbra-de-matos-o-olhar-nos-outros
Documentaries (Portugal),Beatriz Costa: A Alegria é a Minha Religião,Beatriz Costa: Joy Is My Religion,special,02 jan. 2022,yes,"Soberana e insubmissa, dona de uma expressividade inesquecível, com um sorriso contagiante, e um coração do tamanho do mundo, Beatriz Costa foi uma","Sovereign and defiant, with unforgettable expressiveness, a contagious smile and a heart as big as the world, Beatriz Costa was a…",https://www.rtp.pt/play/p9694/e589573/beatriz-costa-a-alegria-e-a-minha-religiao
Documentaries (Portugal),Soa,It Sounds,5,25 nov. 2021,yes,"Silêncio em Tempos de Crise - Uma crise é um momento decisivo e difícil na sociedade, em que mudanças estruturais se impõem. Muitas das crises qu","Silence in Times of Crisis - A crisis is a decisive and difficult moment in society, when structural changes become unavoidable. Many of the crises that…",https://www.rtp.pt/play/p9402/e581723/soa
Documentaries (Portugal),O Elogio da Luz,In Praise of Light,6,27 out. 2021,yes,"Iluminação Para Aprender - Nos ambientes de ensino, a iluminação deve proporcionar sensação de conforto para que os alunos possam aprender bem. ","Lighting for Learning - In teaching environments, lighting should provide a sense of comfort so that students can learn well.",https://www.rtp.pt/play/p9267/e575555/o-elogio-da-luz
Documentaries (Portugal),Future Makers,Future Makers,1,27 out. 2021,no,"O testemunho real de jovens criativos independentes que vivem em Lisboa. Num cocktail de oportunidades, sorte, esforço e ambição, o documentário d","The real-life testimony of young independent creatives living in Lisbon. In a cocktail of opportunity, luck, effort and ambition, the documentary…",https://www.rtp.pt/play/p9398/e575570/future-makers
Documentaries (Portugal),História do Teatro de Revista em Portugal - A Revista após o 25 de Abril de 1974,History of Revue Theatre in Portugal - The Revue after 25 April 1974,special,23 out. 2021,yes,"A Revista após o 25 de Abril de 1974 - Com liberdade para dizer tudo e com o público dividido pelas suas opções ideológicas e partidárias, tanto","The Revue after 25 April 1974 - With the freedom to say anything and with the audience divided by their ideological and party loyalties, both…",https://www.rtp.pt/play/p9305/e574961/historia-do-teatro-de-revista-em-portugal
Documentaries (Portugal),"Há 100 Anos, A Seara Nova","100 Years Ago, Seara Nova",2,15 out. 2021,no,"Os 2 episódios do documentário 'Há 100 anos, a Seara Nova' traçam o percurso desta 'revista de doutrina e crítica', em que participaram muitos do","The 2 episodes of the documentary '100 Years Ago, Seara Nova' trace the history of this 'magazine of doctrine and criticism', in which many of the…",https://www.rtp.pt/play/p9338/e573341/15-de-outubro-de-1921-ha-100-anos-a-seara-nova
Documentaries (Portugal),Seis Décadas de Televisão (Minidocs),Six Decades of Television (Minidocs),7,03 out. 2021,yes,"Maria Elisa - Nas comemorações dos 60 anos de RTP,figuras marcantes do pequeno ecrã relembram o percurso da estação televisiva de todos os portug","Maria Elisa - For RTP's 60th anniversary celebrations, leading figures of the small screen recall the history of the TV station of all the Portuguese…",https://www.rtp.pt/play/p9099/e571117/seis-decadas-de-televisao-minidocs
Documentaries (Portugal),Na Rota dos Vinhos da Ilha do Pico,On the Wine Route of Pico Island,1,19 set. 2021,yes,Na Rota dos Vinhos da Ilha do Pico pretende promover e divulgar as características únicas que distinguem o Pico de todas as restantes regiões vitiv,On the Wine Route of Pico Island aims to promote and showcase the unique characteristics that set Pico apart from all the other wine-growing regions…,https://www.rtp.pt/play/p9197/e568392/na-rota-dos-vinhos-da-ilha-do-pico
Documentaries (Portugal),Bow,Bow,special,05 set. 2021,no,"Após tempos de isolamento físico e social, chegou a hora de se avançar para o 'novo normal'. Mas como definir este novo normal? O documentário de ","After times of physical and social isolation, the time has come to move towards the 'new normal'. But how do we define this new normal? The documentary by…",https://www.rtp.pt/play/p8795/e565776/bow
Documentaries (Portugal),Começar de Novo,Starting Over,12+,19 jul. 2021,yes,Histórias de refugiados e migrantes de várias nacionalidades obrigados a começar de novo…,Stories of refugees and migrants of various nationalities forced to start over…,https://www.rtp.pt/play/p8940/e558911/comecar-de-novo
Documentaries (Portugal),Sou Autor do Meu Nome - Mia Couto,I Am the Author of My Name - Mia Couto,1,05 jul. 2021,yes,"Documentário de Solveig Nordlund que acompanha, com olhar documental, a vida e obra do escritor moçambicano Mia Couto.","A documentary by Solveig Nordlund that follows, with a documentary eye, the life and work of the Mozambican writer Mia Couto.",https://www.rtp.pt/play/p9043/e555762/sou-autor-do-meu-nome-mia-couto
Documentaries (Portugal),Selvagens,The Savage Islands,1,02 jul. 2021,yes,"A National Geographic Society visitou as Selvagens, ponto mais a sul de Portugal e fez um relatório científico e um documentário da expedição. Mo","The National Geographic Society visited the Savage Islands, Portugal's southernmost point, and produced a scientific report and a documentary of the expedition. Mo…",https://www.rtp.pt/play/p9013/e555225/selvagens
Documentaries (Portugal),Iron Brothers - Irmandade de Ferro,Iron Brothers - Brotherhood of Iron,1,01 jul. 2021,no,"Miguel e Pedro Ferreira Pinto são irmãos e têm sido inseparáveis desde que nasceram, sempre juntos e companheiros estes irmãos nuca deixaram que ","Miguel and Pedro Ferreira Pinto are brothers and have been inseparable since birth; always together, always companions, these brothers never let…",https://www.rtp.pt/play/p8451/e555017/iron-brothers-irmandade-de-ferro
Documentaries (Portugal),O Bairro Português de Malaca,The Portuguese Quarter of Malacca,1,10 jun. 2021,no,Entrevistados:Marina DankerMichael SinghoMartin TheseiraCiprianoNoel Felix,"Interviewees: Marina Danker, Michael Singho, Martin Theseira, Cipriano, Noel Felix",https://www.rtp.pt/play/p8943/e550411/o-bairro-portugues-de-malaca
Documentaries (Portugal),Um Ano de Gorongosa,A Year in Gorongosa,1,25 mai. 2021,yes,'Um Ano de Gorongosa' proporciona aos espectadores um belo safari na espetacular paisagem natural do Parque Nacional da Gorongosa. Com uma mulher loca,'A Year in Gorongosa' takes viewers on a beautiful safari through the spectacular natural landscape of Gorongosa National Park. With a local woman…,https://www.rtp.pt/play/p8433/e546705/um-ano-de-gorongosa
Documentaries (Portugal),Mulheres em Portugal,Women in Portugal,1,24 mai. 2021,yes,"Ser mulher, hoje, em Portugal. Que oportunidades? Que desafios? A RTP e a Fundação Francisco Manuel dos Santos procuram responder a estas questões ",Being a woman in Portugal today. What opportunities? What challenges? RTP and the Francisco Manuel dos Santos Foundation try to answer these questions…,https://www.rtp.pt/play/p8902/e546483/mulheres-em-portugal
Documentaries (Portugal),A Senhora Dona Amélia,The Lady Dona Amélia,1,20 mai. 2021,yes,Amélia Rey Colaço casou-se em dezembro de 1920 com o ator Robles Monteiro. No ano seguinte os dois concorrem ao concurso de concessão do Teatro Nac,Amélia Rey Colaço married the actor Robles Monteiro in December 1920. The following year the two entered the competition for the concession of the National Theatre…,https://www.rtp.pt/play/p8868/e831433/a-senhora-dona-amelia
Documentaries (Portugal),Mulheres na Resistência,Women in the Resistance,4,28 abr. 2021,yes,Gloria Marreiros - O quarto episódio da série 'Mulheres na Resistência' intitulado 'Glória Marreiros' é baseado numa conversa/entrevista realizad,"Glória Marreiros - The fourth episode of the series 'Women in the Resistance', entitled 'Glória Marreiros', is based on a conversation/interview carried out…",https://www.rtp.pt/play/p8770/e540354/mulheres-na-resistencia
Documentaries (Portugal),"Sim, Eu Consigo - Ayham - My New Life","Yes, I Can - Ayham - My New Life",special,25 jan. 2021,no,"Ayham - My New Life - Neste episódio vamos conhecer a história de um jovem refugiado, Ayham, e a sua adaptação à sua nova vida na Suiça. O come","Ayham - My New Life - In this episode we get to know the story of a young refugee, Ayham, and how he adapts to his new life in Switzerland. The beginning…",https://www.rtp.pt/play/p4648/e402423/sim-eu-consigo
Documentaries (Portugal),"Nós, Portugueses - Um Futuro por Desenhar","We, the Portuguese - A Future Yet to Be Drawn",2,11 dez. 2020,yes,A crescente automação que marcará a economia portuguesa nas próximas décadas será uma das principais respostas para a sua baixa produtividade. M,The growing automation that will shape the Portuguese economy in the coming decades will be one of the main answers to its low productivity. M…,https://www.rtp.pt/play/p8072/e866695/nos-portugueses-um-futuro-por-desenhar
Documentaries (Portugal),Fabrico Internacional,International Manufacturing,12+,07 dez. 2020,yes,Um retrato das empresas portuguesas que conquistam os mercados internacionais com os seus produtos e serviços…,A portrait of the Portuguese companies winning over international markets with their products and services…,https://www.rtp.pt/play/p6943/e510749/fabrico-internacional
Documentaries (Portugal),Migradores de Longa Distância: Entre o Tejo e o Ártico,Long-Distance Migrants: Between the Tagus and the Arctic,1,06 dez. 2020,yes,Neste documentário vamos acompanhar a migração dos maçaricos-de-bico-direito entre o estuário do Tejo  e a região sub-ártica da Islândia. E o ,In this documentary we follow the migration of black-tailed godwits between the Tagus estuary and the sub-Arctic region of Iceland. And the…,https://www.rtp.pt/play/p8028/e510618/migradores-de-longa-distancia-entre-portugal-e-o-artico
Documentaries (Portugal),Francisco de Holanda - A Luz Esquecida do Renascimento,Francisco de Holanda - The Forgotten Light of the Renaissance,1,26 out. 2020,yes,"Documentário com a participação de Sylvie Deswarte-Rosa, Joaquim Caetano, Rafael Moreira, Isabel Almeida, Manuel Parada López de Corselas, José C","A documentary featuring Sylvie Deswarte-Rosa, Joaquim Caetano, Rafael Moreira, Isabel Almeida, Manuel Parada López de Corselas, José C…",https://www.rtp.pt/play/p7665/e501718/francisco-de-holanda-a-luz-esquecida-do-renascimento
Documentaries (Portugal),A Escolha Impossível,The Impossible Choice,1,29 ago. 2020,no,"Retrato da comunidade portuguesa na região do Limousin, A Escolha Impossível esforça-se por capturar a variedade e a complexidade das situações, ","A portrait of the Portuguese community in the Limousin region, The Impossible Choice strives to capture the variety and complexity of the situations…",https://www.rtp.pt/play/p7607/e490603/a-escolha-impossivel
Documentaries (Portugal),Hotéis com História,Hotels with History,1,23 ago. 2020,yes,"O Hotel Palácio Estoril foi exílio de muitas famílias reais da Europa durante a Segunda Guerra Mundial, no quadro da neutralidade de Portugal. Loca","The Hotel Palácio Estoril was a place of exile for many of Europe's royal families during the Second World War, against the backdrop of Portugal's neutrality. Located…",https://www.rtp.pt/play/p7594/e890137/hoteis-com-historia
Documentaries (Portugal),Príncipes do Nada,Princes of Nothing,11,18 ago. 2020,yes,"Promover a Cidadania e os Direitos Humanos, sem deixar ninguém para trás…","Promoting citizenship and human rights, leaving no one behind…",https://www.rtp.pt/play/p7360/e489026/principes-do-nada
Documentaries (Portugal),Leva-me Contigo - O Documentário,Take Me With You - The Documentary,1,16 ago. 2020,yes,"Autor de 'O Meu Irmão' (Prémio Leya 2014) e 'Pão de Açúcar' (Prémio José Saramago 2019), Afonso Reis Cabral percorreu os quase 739 quilómetros","Author of 'O Meu Irmão' (Leya Prize 2014) and 'Pão de Açúcar' (José Saramago Prize 2019), Afonso Reis Cabral travelled almost 739 kilometres…",https://www.rtp.pt/play/p7368/e488668/leva-me-contigo-o-documentario
Documentaries (Portugal),Enviado Especial,Special Envoy,1,15 ago. 2020,yes,"A história de vida de Aquino de Bragança, um intelectual e jornalista indiano que teve como objetivo de vida lutar contra o colonialismo e ajudar Go","The life story of Aquino de Bragança, an Indian intellectual and journalist whose life's goal was to fight colonialism and help Goa…",https://www.rtp.pt/play/p6274/e488682/enviado-especial
Documentaries (Portugal),À Procura da Moça Dorita,In Search of Young Dorita,1,16 jul. 2020,yes,"Dorita de Castel-Branco nasceu em Lisboa, a 13 de Setembro de 1936 e faleceu em Setembro de 1996. Em 1962 concluiu o Curso Superior de Escultura da Es",Dorita de Castel-Branco was born in Lisbon on 13 September 1936 and died in September 1996. In 1962 she completed the higher degree in Sculpture at the School…,https://www.rtp.pt/play/p6910/e483849/a-procura-da-moca-dorita
Documentaries (Portugal),Carquejeiras - As Escravas do Porto,Carquejeiras - The Slaves of Porto,1,22 abr. 2020,yes,"Numa época em que a sobrevivência era uma verdadeira luta, mulheres de todas as idades viam-se obrigadas a carregar às costas até 60 quilos de car","At a time when survival was a real struggle, women of all ages were forced to carry up to 60 kilos of…",https://www.rtp.pt/play/p6919/e468482/carquejeiras-as-escravas-do-porto
Documentaries (Portugal),Das Pedras Fez-se Terra: Histórias da Beira Baixa,From Stones Came Land: Stories of Beira Baixa,1,08 abr. 2020,no,"Profundamente marcada pelo diálogo milenar entre água e rocha, a região da Beira Baixa guarda alguns dos tesouros naturais e arqueológicos mais an","Deeply shaped by the age-old dialogue between water and rock, the Beira Baixa region holds some of the oldest natural and archaeological treasures…",https://www.rtp.pt/play/p7056/e465911/das-pedras-fez-se-terra-historias-da-beira-baixa
Documentaries (Portugal),Acima das Nossas Possibilidades,Beyond Our Means,1,02 abr. 2020,no,Este documentário faz parte do trabalho coletivo 'Projecto Troika'.,This documentary is part of the collective work 'Projecto Troika'.,https://www.rtp.pt/play/p7020/e464900/acima-das-nossas-possibilidades
Documentaries (Portugal),"Nós, Portugueses - Nascer Para Não Morrer","We, the Portuguese - Born Not to Die",2,13 fev. 2020,yes,"No cenário de crise demográfica que Portugal começa já a enfrentar, é importante pensar como poderemos fazer face ao decréscimo e envelhecimento","In the demographic crisis that Portugal is already beginning to face, it is important to think about how we can deal with the decline and ageing…",https://www.rtp.pt/play/p6829/e866674/nos-portugueses-nascer-para-nao-morrer
Documentaries (Portugal),Júlio Isidro - 60 Anos de Televisão,Júlio Isidro - 60 Years of Television,1,10 jan. 2020,yes,"Documentário sobre os 60 anos de carreira de Júlio Isidro contados na primeira pessoa, e com depoimentos de José Cid, João David Nunes, Lídia Fra","A documentary about Júlio Isidro's 60-year career, told in the first person, with testimonies from José Cid, João David Nunes, Lídia Fra…",https://www.rtp.pt/play/p6729/e449652/julio-isidro-60-anos-carreira
Documentaries (Portugal),Beautiful Madeira,Beautiful Madeira,1,08 jan. 2020,yes,"A jovem Emily Shore, doente como estava, ficou maravilhada com a beleza natural da Madeira quando desembarcou no Funchal em dezembro de 1838. Pitoresc","Young Emily Shore, ill as she was, was enchanted by Madeira's natural beauty when she landed in Funchal in December 1838. Picturesque…",https://www.rtp.pt/play/p6668/e449448/beautiful-madeira
Documentaries (Portugal),Portugueses pelo Mundo,Portuguese Around the World,12+,07 jan. 2020,yes,"Esta nova série de Portugueses Pelo Mundo mostra Chefs, Taxistas e Músicos portugueses pelo mundo…","This new series of Portugueses Pelo Mundo features Portuguese chefs, taxi drivers and musicians around the world…",https://www.rtp.pt/play/p4677/e448935/portugueses-pelo-mundo
Documentaries (Portugal),A Voz do Operário,The Worker's Voice,1,29 nov. 2019,yes,"Documentário realizado por Miguel Costa, que versa sobre a história da Sociedade de Instrução e Beneficência 'A Voz do Operário' e a sua dimens",A documentary directed by Miguel Costa about the history of the Education and Welfare Society 'A Voz do Operário' and its…,https://www.rtp.pt/play/p6252/e441687/a-voz-do-operario
Documentaries (Portugal),Ole António Ole,Ole António Ole,2,23 out. 2019,no,"Documentário do cineasta português Rui Simões, sobre a vida e a obra de António Ole, um dos mais importantes artistas plásticos angolanos de arte","A documentary by Portuguese filmmaker Rui Simões about the life and work of António Ole, one of the most important Angolan visual artists of…",https://www.rtp.pt/play/p6110/e434658/ole-antonio-ole
Documentaries (Portugal),Cesina Bermudes - Uma Vida Só Não Basta,Cesina Bermudes - One Life Is Not Enough,1,04 jul. 2019,yes,"Nascida em 1908, Cesina Bermudes cedo se destacou pela postura irreverente e pelos valores éticos. Médica obstetra, teve um importante percurso cien","Born in 1908, Cesina Bermudes soon stood out for her irreverent attitude and her ethical values. An obstetrician, she had an important scientific…",https://www.rtp.pt/play/p5545/e416416/cesina-bermudes
Documentaries (Portugal),Tarrafal,Tarrafal,1,02 jul. 2019,yes,"Uma viagem intensa pelo passado e pelo futuro do Bairro S. João de Deus, Tarrafal é um documento vivo da história recente da cidade do Porto. ","An intense journey through the past and future of the Bairro S. João de Deus, Tarrafal is a living record of the recent history of the city of Porto.",https://www.rtp.pt/play/p4680/e416019/tarrafal
Documentaries (Portugal),Ilhas da Macaronésia (Madeira e Cabo Verde),Islands of Macaronesia (Madeira and Cape Verde),3,07 jun. 2019,yes,Madeira - II - Biodiversidade; Sobrevivência de algumas espécies endémicas; Proteção do ecossistema; Floresta Laurissilva; Humidade atmosférica;,Madeira - II - Biodiversity; Survival of some endemic species; Ecosystem protection; Laurisilva forest; Atmospheric humidity;…,https://www.rtp.pt/play/p5900/e411490/ilhas-macaronesia-madeira-cabo-verde
Documentaries (Portugal),O Povo Que Ainda Canta,The People Who Still Sing,12+,28 abr. 2019,yes,O Povo Que Ainda Canta é uma série documental sobre musica tradicional e popular da autoria de Tiago Pereira.,"O Povo Que Ainda Canta is a documentary series about traditional and folk music, created by Tiago Pereira.",https://www.rtp.pt/play/p1687/e403769/o-povo-que-ainda-canta
Documentaries (Portugal),À Procura de António Botto,In Search of António Botto,1,19 mar. 2019,yes,"Escritor 'maldito', António Botto criou uma obra considerada controversa. 'Canções', o seu livro mais conhecido, foi editado por Fernando Pessoa, m","A 'cursed' writer, António Botto created a body of work considered controversial. 'Canções', his best-known book, was published by Fernando Pessoa, but…",https://www.rtp.pt/play/p5584/e395853/procura-antonio-botto
Documentaries (Portugal),Palcos Agora - Conhecer a Fundação Eugénio de Almeida em Évora,Stages Now - Discovering the Eugénio de Almeida Foundation in Évora,special,01 fev. 2019,yes,Conhecer a Fundação Eugénio de Almeida em Évora - Esta semana começamos viagem em Évora e damos a conhecer um pouco mais do trabalho que a Funda,Discovering the Eugénio de Almeida Foundation in Évora - This week we begin our journey in Évora and show a little more of the work that the Foundation…,https://www.rtp.pt/play/p1786/e195701/palcos-agora
Documentaries (Portugal),Rosas de Ermera,Roses of Ermera,2,02 set. 2018,no,"'Esta é a história de uma família que teve alguma notoriedade por causa do Zeca Afonso, mas é também um pedaço da nossa história que foi oculta","'This is the story of a family that gained some notoriety because of Zeca Afonso, but it is also a piece of our history that was hidden…",https://www.rtp.pt/play/p4488/e786649/rosas-de-ermera
Documentaries (Portugal),O Arquiteto de Lisboa: Pardal Monteiro,The Architect of Lisbon: Pardal Monteiro,1,18 ago. 2018,yes,"Discípulo de Miguel Ventura Terra, outro importante arquiteto com influência na imagem urbana da capital, Pardal Monteiro foi um dos pioneiros do mo","A disciple of Miguel Ventura Terra, another important architect who influenced the capital's urban image, Pardal Monteiro was one of the pioneers of mo…",https://www.rtp.pt/play/p4533/e868401/o-arquiteto-de-lisboa
Documentaries (Portugal),Mulheres de Abril,Women of April,5,27 abr. 2018,no,"O Novo Milénio - O jantar está quase no fim. Luísa recorda a passagem de ano do milénio, de 1999 para 2000, em casa de Ana, a noite em que Ana con","The New Millennium - Dinner is almost over. Luísa remembers the millennium New Year's Eve, from 1999 to 2000, at Ana's house, the night when Ana…",https://www.rtp.pt/play/p1522/e853506/mulheres-de-abril
Documentaries (Portugal),A Voz e os Ouvidos do MFA,The Voice and Ears of the MFA,1,25 abr. 2018,yes,"Documentário sobre a aquisição de telefones para o Posto de Comando do MFA, assim como a montagem de um cabo de transmissões que teria de ser prol","A documentary about the acquisition of telephones for the MFA Command Post, as well as the installation of a communications cable that would have to be extended…",https://www.rtp.pt/play/p3438/e285510/a-voz-e-os-ouvidos-do-mfa
Documentaries (Portugal),Quando a Tropa Mandou na RTP,When the Army Ran RTP,1,24 abr. 2018,no,Reportagem do jornalista Jacinto Godinho sobre a importância e o papel da RTP nos acontecimentos políticos portugueses na altura da Revolução. A R,A report by journalist Jacinto Godinho on the importance and role of RTP in Portuguese political events at the time of the Revolution. The…,https://www.rtp.pt/play/p3436/e764201/quando-a-tropa-mandou-na-rtp
Documentaries (Portugal),O Papa Que Veio do Sul,The Pope Who Came from the South,1,08 mai. 2017,yes,"Ficamos a saber que o Papa Francisco quando vivia na Argentina só viajava em transportes públicos, não via televisão e adorava ouvir música clás","We learn that Pope Francis, when he lived in Argentina, only travelled by public transport, did not watch television and loved listening to classical…",https://www.rtp.pt/play/p3477/e844942/o-papa-que-veio-do-sul
Documentaries (Portugal),Camilo de Oliveira,Camilo de Oliveira,1,04 jul. 2016,yes,"Popular, versátil, carismático, Camilo de Oliveira é uma referência na história da comédia e do teatro de variedades em Portugal. ","Popular, versatile, charismatic, Camilo de Oliveira is a landmark in the history of comedy and variety theatre in Portugal.",https://www.rtp.pt/play/p2576/e866615/camilo-de-oliveira
Documentaries (Portugal),Love Me Love Me Not,Love Me Love Me Not,1,19 nov. 2015,yes,"Documentário sobre a exposição de arte contemporânea africana de Sindika, na Galeria Municipal Almeida Garrett no Porto, com participação especi","A documentary about Sindika's exhibition of contemporary African art at the Galeria Municipal Almeida Garrett in Porto, with the special participation…",https://www.rtp.pt/play/p2148/e214356/love-me-love-me-not
Documentaries (Portugal),Parque da Pena,Pena Park,1,14 nov. 2015,yes,"O parque da Pena, é uma viagem pelo imaginário romântico da zona de Sintra. Através da figura do criador do parque e palácio da pena, D. Fernando","Pena Park is a journey through the Romantic imagination of the Sintra area. Through the figure of the creator of the Pena park and palace, King Fernando…",https://www.rtp.pt/play/p2130/e213673/parque-da-pena
Documentaries (Portugal),Show Me Lisbon,Show Me Lisbon,1,01 nov. 2015,yes,"O documentário 'Show me Lisbon' apresenta Lisboa segundo a perspetiva de um grupo de conterrâneos e de apaixonados por Lisboa, de áreas diferentes ",The documentary 'Show me Lisbon' presents Lisbon from the perspective of a group of locals and Lisbon lovers from different fields…,https://www.rtp.pt/play/p2095/e211926/show-me-lisbon
Documentaries (Portugal),Eunice Muñoz - Eu de Eunice,Eunice Muñoz - The 'Me' in Eunice,1,13 set. 2015,yes,11550024004,11550024004,https://www.rtp.pt/play/p15349/e866614/eunice-munoz-eu-de-eunice
Documentaries (Portugal),Mundo dos Sentidos,World of the Senses,6,05 set. 2015,yes,Intuir - A intuição é um processo inconsciente que leva o ser humano a conclusões. Ela permite a aquisição de conhecimentos e a ação sem inter,Intuiting - Intuition is an unconscious process that leads human beings to conclusions. It allows knowledge to be acquired and action to be taken without…,https://www.rtp.pt/play/p1948/e205711/mundo-dos-sentidos
Documentaries (Portugal),"Água Vai, Pedra Leva","Water Goes, Stone Carries",2,14 jul. 2015,yes,A história das levadas confunde-se com o próprio povoamento da ilha da Madeira. Desde cedo os colonos constataram que o sul da ilha era mais fértil,"The history of the levadas is intertwined with the settlement of the island of Madeira itself. Early on, the settlers realised that the south of the island was more fertile…",https://www.rtp.pt/play/p1926/e201634/agua-vai-pedra-leva
Documentaries (Portugal),A Casa e a Cidade,The House and the City,6,06 mar. 2011,yes,A Cidade depois da Cidade - Este episódio aborda a evolução do espaço urbano português após a instauração do regime democrático em 25 de Abri,The City after the City - This episode looks at the evolution of Portuguese urban space after the establishment of the democratic regime on 25 April…,https://www.rtp.pt/play/p660/e938750/a-casa-e-a-cidade
Portuguese films,Central do Brasil,Central Station,film,06 set. 2026,no,"Um dos maiores sucessos do cinema brasileiro, conquistou mais de 50 prémios internacionais incluindo o Urso de Ouro no Festival de Berlim, Globo de O","One of the biggest successes of Brazilian cinema, it won more than 50 international awards, including the Golden Bear at the Berlin Festival, the Golden Globe…",https://www.rtp.pt/play/p5725/e952039/central-do-brasil
Portuguese films,Vencidos da Vida,Defeated by Life,film,26 ago. 2026,no,Num velho cinema decrépito surgem várias histórias como fantasmas. Uma compilação de filmes de vários formatos projeta múltiplas versões de pe,"In an old, decrepit cinema, various stories appear like ghosts. A compilation of films in various formats projects multiple versions of…",https://www.rtp.pt/play/p11595/e950260/vencidos-da-vida
Portuguese films,Verão Danado,Damned Summer,film,23 ago. 2026,no,"O Verão de Chico (Pedro Marujo) começa na terra dos avós, debaixo dos limoeiros, no escape da atmosfera da infância. Mas o seu lugar é na capital","Chico's (Pedro Marujo) summer begins in his grandparents' home village, under the lemon trees, escaping into the atmosphere of childhood. But his place is in the capital…",https://www.rtp.pt/play/p6127/e948467/vera-danado
Portuguese films,Pê,Pê,film,09 ago. 2026,no,"Pê, um homem com um cancro terminal, atravessa a sua cidade, Lisboa. Ao longo do dia, confronta-se com uma realidade quotidiana alheia ao seu sofrime","Pê, a man with terminal cancer, walks across his city, Lisbon. Throughout the day, he is confronted with an everyday reality indifferent to his suffering…",https://www.rtp.pt/play/p13120/e947538/pe
Portuguese films,Correr o Fado,Chasing Fate,film,27 jul. 2026,yes,"Felisberto, caixeiro viajante, chega à aldeia de Luzim, junto ao rio Tâmega, região de monumentos megalíticos, pinturas rupestres e castros. Aí d","Felisberto, a travelling salesman, arrives in the village of Luzim, by the river Tâmega, a region of megalithic monuments, rock paintings and hill forts. There…",https://www.rtp.pt/play/p16978/e945066/correr-o-fado
Portuguese films,O Teu Rosto Será o Último,Your Face Will Be the Last,film,21 jul. 2026,no,"A história de uma família portuguesa que conheceu a ditadura, a guerra colonial e a revolução democrática - os fios improváveis e surpreendentes","The story of a Portuguese family that lived through the dictatorship, the colonial war and the democratic revolution - the unlikely and surprising threads…",https://www.rtp.pt/play/p16957/e943936/o-teu-rosto-sera-o-ultimo
Portuguese films,Pedro e Inês,Pedro and Inês,film,28 mai. 2026,no,"Inspirado na lenda de Pedro e Inês, o filme conta a história de Pedro, um homem internado num hospital psiquiátrico por viajar de carro com o cadá","Inspired by the legend of Pedro and Inês, the film tells the story of Pedro, a man admitted to a psychiatric hospital for driving around with the body…",https://www.rtp.pt/play/p7347/e932548/pedro-e-ines
Portuguese films,O Ego de Egas,The Ego of Egas,film,22 abr. 2026,no,"Já passava dos 50 anos, quando o médico Egas Moniz, conceituado professor no Hospital de Santa Marta em Lisboa e responsável pelo departamento de n","He was already over 50 when the doctor Egas Moniz, a renowned professor at Santa Marta Hospital in Lisbon and head of the department of…",https://www.rtp.pt/play/p8208/e919390/o-ego-de-egas
Portuguese films,O Protagonista,The Protagonist,film,19 abr. 2026,no,"Com 'Dom Quixote' de Cervantes como pano de fundo, a história passa-se nos bastidores de um teatro e concentra-se na rotina de um jovem ator (pratica","With Cervantes' 'Don Quixote' as a backdrop, the story takes place backstage at a theatre and focuses on the routine of a young actor (practically…",https://www.rtp.pt/play/p8776/e923342/o-protagonista
Portuguese films,Nunca Nada Aconteceu,Nothing Ever Happened,film,06 abr. 2026,no,"Um bairro nos subúrbios de Lisboa. Filas de edifícios, luzes fracas, ninguém consegue dormir. Três adolescentes - Pedro, Maria e Paulo ? estão no","A neighbourhood in the suburbs of Lisbon. Rows of buildings, dim lights, no one can sleep. Three teenagers - Pedro, Maria and Paulo - are in…",https://www.rtp.pt/play/p12558/e891784/nunca-nada-aconteceu
Portuguese films,A Impossibilidade de Estar Só,The Impossibility of Being Alone,film,17 fev. 2026,no,"Devido a uma imunodeficiência grave, Alice, de 20 anos, está impedida de sair de casa. A sua vida reduz-me às quatro paredes da habitação e a um ","Due to a severe immunodeficiency, 20-year-old Alice is unable to leave her house. Her life is reduced to the four walls of her home and a…",https://www.rtp.pt/play/p9064/e909441/a-impossibilidade-de-estar-so
Portuguese films,Uma Vida à Espera,A Life of Waiting,film,20 jan. 2026,no,'Uma Vida à Espera' é a história dum homem. Ou dois. Um pai que sai de casa apenas levando a caixa do correio consigo e uma mala. Senta-se numas es,'Uma Vida à Espera' is the story of a man. Or two. A father who leaves home taking only the mailbox and a suitcase with him. He sits on some st…,https://www.rtp.pt/play/p8807/e903357/uma-vida-a-espera
Portuguese films,Idade da Pedra,Stone Age,film,27 dez. 2025,yes,"A trama decorre num Portugal pré-histórico onde Faz-Coisas é um inventor incompreendido a quem nem a sua mulher Manda-Vir, nem a sua tribo de norte","The plot takes place in a prehistoric Portugal where Faz-Coisas ('Makes-Things') is a misunderstood inventor whom neither his wife Manda-Vir, nor his tribe of northerners…",https://www.rtp.pt/play/p15991/e898680/idade-da-pedra
Portuguese films,A Sibila,The Sibyl,film,17 dez. 2025,no,"Adaptação do romance homónimo de Agustina Bessa-Luís que retrata a relação entre uma jovem escritora e a sua tia, personagens vibrantes inspirad","An adaptation of Agustina Bessa-Luís's novel of the same name, portraying the relationship between a young writer and her aunt, vibrant characters inspired…",https://www.rtp.pt/play/p15954/e896487/a-sibila
Portuguese films,A Minha Casinha,My Little Home,film,21 out. 2025,no,A história de uma família portuguesa cuja vida é virada do avesso quando o filho decide emigrar para estudar em Londres. Uma comédia dramática co,The story of a Portuguese family whose life is turned upside down when their son decides to emigrate to study in London. A comedy-drama…,https://www.rtp.pt/play/p15725/e883587/a-minha-casinha
Portuguese films,A Bela América,Beautiful America,film,24 set. 2025,no,"Apesar da origem humilde, Lucas decide penetrar no mundo exuberante e de celebridades, crente de que o seu refinado talento para cozinhar, será o suf","Despite his humble origins, Lucas decides to break into the glamorous world of celebrities, convinced that his refined talent for cooking will be enough…",https://www.rtp.pt/play/p15572/e877446/a-bela-america
Portuguese films,As Noites Ainda Cheiram a Pólvora,The Nights Still Smell of Gunpowder,film,01 set. 2025,yes,"'Preocupado com as memórias fragmentadas da minha infância durante a guerra civil em Moçambique, regresso à aldeia da minha avó para para revelar","'Troubled by the fragmented memories of my childhood during the civil war in Mozambique, I return to my grandmother's village to reveal…",https://www.rtp.pt/play/p15487/e872731/as-noites-ainda-cheiram-a-polvora
Portuguese films,2 Duros de Roer,2 Tough Nuts to Crack,film,21 ago. 2025,yes,"Manuel Venâncio, um típico polícia do Porto, pede transferência para a capital e vê-se emparelhado com José Sobreiro, um polícia de Lisboa foli","Manuel Venâncio, a typical Porto policeman, asks for a transfer to the capital and finds himself partnered with José Sobreiro, a fun-loving Lisbon policeman…",https://www.rtp.pt/play/p13632/e871090/2-duros-de-roer
Portuguese films,KM 224,KM 224,film,01 jul. 2025,yes,"Mário e Cláudia atravessam um processo de divórcio conflituoso, marcado pela disputa da guarda dos dois filhos (Mateus de 6 anos e Francisco de 7).","Mário and Cláudia are going through a bitter divorce, marked by a fight over custody of their two sons (Mateus, aged 6, and Francisco, aged 7).",https://www.rtp.pt/play/p13098/e860989/km-224
Portuguese films,Excelência,Excellence,film,09 jun. 2025,yes,"A história de Maria do Carmo, uma mulher de sucesso na área da publicidade e comunicação, com uma vida cuidadosamente construída, mas que se desm","The story of Maria do Carmo, a successful woman in advertising and communications, with a carefully built life that falls apart…",https://www.rtp.pt/play/p15074/e855912/excelencia
Portuguese films,Uma SMS para Antígona,A Text Message for Antigone,film,06 jun. 2025,yes,"Aos vinte anos de idade, Maria (Marta Taveira) divide o seu tempo entre a atividade na companhia de teatro local, onde ensaia 'Antígona' de Sófocles","At twenty years old, Maria (Marta Taveira) divides her time between the local theatre company, where she is rehearsing Sophocles' 'Antigone'…",https://www.rtp.pt/play/p7707/e855908/uma-sms-para-antigona
Portuguese films,Légua,Légua,film,05 jun. 2025,no,"Numa antiga casa senhorial situada no norte de Portugal, Ana ajuda a sua amiga Emília, a velha governanta determinada em cuidar do espaço desocupado","In an old manor house in the north of Portugal, Ana helps her friend Emília, the elderly housekeeper determined to look after the empty house…",https://www.rtp.pt/play/p15046/e855300/legua
Portuguese films,O Anjo do Tesouro de Mafra,The Angel of the Mafra Treasure,film,19 mai. 2025,no,"Júlia, uma jovem sonhadora prestes a casar, tenta acreditar na promessa de um amor que é ameaçado pela violência do noivo, marcado pela sua depend","Júlia, a dreamy young woman about to get married, tries to believe in the promise of a love threatened by the violence of her fiancé, marked by his addiction…",https://www.rtp.pt/play/p14992/e850821/o-anjo-do-tesouro-de-mafra
Portuguese films,O Aplaudido Dramaturgo Curado Pelas Pílulas Pink,The Acclaimed Playwright Cured by Pink Pills,film,05 mai. 2025,yes,"Ana chegou a um impasse na sua vida. Descontente com o casamento e com o emprego, não vê uma saída para a situação em que se encontra. O dramatur","Ana has reached a dead end in her life. Unhappy with her marriage and her job, she can't see a way out of the situation she is in. The playwright…",https://www.rtp.pt/play/p14919/e847372/o-aplaudido-dramaturgo-curado-pelas-pilulas-pink
Portuguese films,Um Filme do Caraças,A Hell of a Film,film,04 mar. 2025,yes,Um acidente bizarro força um produtor de má reputação a substituir o consagrado realizador do seu muito dispendioso e muito atrasado próximo film,A bizarre accident forces a disreputable producer to replace the acclaimed director of his very expensive and very overdue next film…,https://www.rtp.pt/play/p14641/e833888/um-filme-do-caracas
Portuguese films,Pôr do Sol - O Mistério do Colar de São Cajó,Sunset - The Mystery of the São Cajó Necklace,film,31 dez. 2024,yes,A série de sucesso da RTP agora em formato de filme. Conhecemos a origem da família Bourbon de Linhaça e do seu bem mais valioso: o Colar de São C,"The hit RTP series, now as a film. We discover the origins of the Bourbon de Linhaça family and its most valuable possession: the Necklace of São Cajó…",https://www.rtp.pt/play/p14269/e819511/por-do-sol-o-misterio-do-colar-de-sao-cajo
Portuguese films,O Leão da Estrela - Minissérie,The Lion of Estrela - Miniseries,film,19 dez. 2024,no,Anastácio é um fervoroso sportinguista que empreende uma viagem ao Norte com a família para ver a sua equipa enfrentar o FC Porto. Aproveitando par,Anastácio is a passionate Sporting fan who sets off on a trip up north with his family to see his team take on FC Porto. Taking advantage…,https://www.rtp.pt/play/p2495/e830536/o-leao-da-estrela-minisserie
Portuguese films,Os Fotocines,The Fotocines,film,05 dez. 2024,no,Em 'Os Fotocines' constrói-se um retrato intimista da guerra junto de quem a viveu. Esta longa-metragem documental propõe-se a investigar quem eram ,'Os Fotocines' builds an intimate portrait of war from the people who lived through it. This feature-length documentary sets out to investigate who…,https://www.rtp.pt/play/p12857/e814136/os-fotocines
Portuguese films,O Anel,The Ring,film,07 out. 2024,yes,"Mais do que tudo ela sempre quis o anel da amiga e colega de escola. Porque, na verdade, aquele anel representava tudo aquilo que a condição remedia","More than anything, she had always wanted her friend and schoolmate's ring. Because, in truth, that ring represented everything that her modest circumstances…",https://www.rtp.pt/play/p13943/e811634/o-anel
Portuguese films,O Conto do Nadador,The Swimmer's Tale,film,30 set. 2024,yes,Uma história de um tempo em que o mistério fazia a diferença e onde impera o mais subtil sentido de observação. Tudo começa com a morte do Nadad,A story from a time when mystery made all the difference and the subtlest sense of observation reigned. It all begins with the death of the Swimmer…,https://www.rtp.pt/play/p13902/e811648/o-conto-do-nadador
Portuguese films,Bully,Bully,film,09 set. 2024,yes,"Trailer - Desde muito cedo, ainda na escola, percebeu que o que lhe faltava em coragem lhe sobrava em inteligência. Perante a confrontação física ","Trailer - From a very early age, still at school, he realised that what he lacked in courage he more than made up for in intelligence. Faced with physical confrontation…",https://www.rtp.pt/play/p13823/e792113/bully
Portuguese films,Ponte Atlântico,Atlantic Bridge,film,09 set. 2024,yes,"O primeiro episódio é dedicado a personalidades reconhecidas que atingiram o mais alto plano nos países que os receberam, mas áreas da cultura, em","The first episode is dedicated to well-known personalities who reached the highest levels in the countries that took them in, in the fields of culture,…",https://www.rtp.pt/play/p13828/e793505/ponte-atlantico
Portuguese films,O Chefe do Meu Pai Era um Democrata e Ninguém Sabia,My Father's Boss Was a Democrat and Nobody Knew,film,02 set. 2024,yes,Um telefilme divertido que nos conta como foi a transição do Estado Novo para a Democracia no dia 25 de Abril. Tudo isto através da visão de uma c,A fun TV film that tells us how the transition from the Estado Novo to Democracy happened on 25 April. All of this through the eyes of a…,https://www.rtp.pt/play/p13811/e811645/o-chefe-do-meu-pai-era-um-democrata-e-ninguem-sabia
Portuguese films,A Criança,The Child,film,23 ago. 2024,yes,"Em meados do século XVI, Lisboa é uma cidade cosmopolita, onde o apogeu de um poder que a expansão trouxera começa a esboroar-se, ao mesmo tempo q","In the mid-16th century, Lisbon is a cosmopolitan city, where the peak of the power brought by the expansion is beginning to crumble, while at the same time…",https://www.rtp.pt/play/p12557/e790492/a-crianca
Portuguese films,A Praia da Amália,Amália's Beach,film,12 ago. 2024,no,"Amália tinha um segredo em forma de praia. Nesse mar afundou o seu coração. Com a dança das marés, ele acabou por se desfazer.","Amália had a secret in the shape of a beach. She sank her heart into that sea. With the dance of the tides, it eventually came apart.",https://www.rtp.pt/play/p7747/e836105/a-praia-da-amalia
Portuguese films,Restos do Vento,Remains of the Wind,film,24 jul. 2024,no,"Uma tradição pagã numa vila do interior de Portugal deixa traços dolorosos num grupo de jovens adolescentes. 25 anos depois, ao reencontrarem-se, ","A pagan tradition in a village in inland Portugal leaves painful scars on a group of young teenagers. 25 years later, when they meet again,…",https://www.rtp.pt/play/p13683/e785296/restos-do-vento
Portuguese films,Curral de Moinas - Os Banqueiros do Povo,Curral de Moinas - The People's Bankers,film,03 jul. 2024,no,"A vida em Curral de Moinas é abalada, quando Quim descobre que tinha um pai, que lhe deixa em herança um banco, o prestigiado BICO (Banco Internacio","Life in Curral de Moinas is shaken when Quim discovers he had a father, who leaves him a bank as his inheritance, the prestigious BICO (International Bank…",https://www.rtp.pt/play/p13612/e811671/curral-de-moinas-os-banqueiros-do-povo
Portuguese films,Salgueiro Maia - O Implicado,Salgueiro Maia - The Implicated,film,25 abr. 2024,yes,"Esta é a história de Fernando Salgueiro Maia. Da criança, do jovem, do homem. Um herói que pela sua atitude modesta e correta, assumiu a postura t","This is the story of Fernando Salgueiro Maia. Of the child, the young man, the man. A hero who, through his modest and upright attitude, took on the…",https://www.rtp.pt/play/p13272/e811412/salgueiro-maia-o-implicado
Portuguese films,Cuba Libre nos Bastidores,Cuba Libre Behind the Scenes,film,08 nov. 2023,no,"Making of de Cuba Libre, uma série realizada por Henrique Oliveira, baseada na história real de Annie Silva Pais, filha única do último diretor da","The making of Cuba Libre, a series directed by Henrique Oliveira, based on the true story of Annie Silva Pais, the only daughter of the last director of the…",https://www.rtp.pt/play/p10828/e726779/cuba-libre-making-of
Portuguese films,Abandonados,Abandoned,film,06 set. 2023,no,"Baseado em factos reais, 'Abandonados' recorda a aliança inédita entre portugueses, timorenses e australianos unindo-se contra um inimigo comum que ","Based on true events, 'Abandonados' recalls the unprecedented alliance between Portuguese, Timorese and Australians who joined forces against a common enemy that…",https://www.rtp.pt/play/p12186/e714038/abandonados
Portuguese films,Pôr do Sol - Episódio Especial Bloopers,Sunset - Special Bloopers Episode,film,29 jul. 2023,yes,"Com apresentação de Vasco Palmeirim, este episódio especial do Pôr do Sol conta com uma reunião do elenco na Herdade do Pôr do Sol, para uma con","Hosted by Vasco Palmeirim, this special episode of Pôr do Sol features a cast reunion at the Pôr do Sol estate, for a…",https://www.rtp.pt/play/p12048/e707903/por-do-sol-especial-bloopers
Portuguese films,Uma Conversa em Família,A Family Conversation,film,17 ago. 2022,no,"A partir do caso concreto de uma leucotomia pré-frontal realizada em meados da década de 1960, tendo tido por paciente Teresa de Barros Caetano, mul","Starting from the specific case of a prefrontal leucotomy performed in the mid-1960s, whose patient was Teresa de Barros Caetano, wife…",https://www.rtp.pt/play/p10580/e635941/uma-conversa-em-familia
Portuguese films,Variações,Variações,film,13 jun. 2022,no,"'Variações' retrata a vida de António Ribeiro, barbeiro e figura da movida lisboeta no final dos anos 70, que perseguiu o seu sonho de se tornar ca","'Variações' portrays the life of António Ribeiro, a barber and figure of the Lisbon 'movida' scene in the late 70s, who pursued his dream of becoming a sin…",https://www.rtp.pt/play/p8764/e811676/variacoes
Portuguese films,Juventudes,Youth,film,14 abr. 2022,yes,"As alterações climáticas, a enorme dívida pública e a sustentabilidade da segurança social são algumas das heranças que as gerações passadas","Climate change, the huge public debt and the sustainability of social security are some of the legacies that past generations…",https://www.rtp.pt/play/p10186/e610869/juventudes
Portuguese films,A Máscara e as Aldeias,The Mask and the Villages,film,16 mar. 2022,no,"Pessoas por trás das suas máscaras são criaturas que encontramos em várias tradições pagãs pela Europa fora. Normalmente, são homens vestidos ",People behind their masks are creatures we find in various pagan traditions throughout Europe. They are usually men dressed…,https://www.rtp.pt/play/p10062/e604923/mascara-e-aldeias
Portuguese films,Listen,Listen,film,07 jan. 2022,yes,"Nos subúrbios de Londres, Bela e Jota enfrentam sérias dificuldades quando os 'serviços sociais' levantam suspeitas sobre a segurança dos seus tr","In the suburbs of London, Bela and Jota face serious difficulties when 'social services' raise suspicions about the safety of their th…",https://www.rtp.pt/play/p9769/e590735/ouve-me
Portuguese films,Djon Africa,Djon Africa,film,11 jun. 2021,yes,"Miguel, filho de cabo-verdiano, nascido e crescido na periferia de Lisboa, decide embarcar numa viagem ao continente africano à procura do seu pai e ","Miguel, the son of a Cape Verdean, born and raised on the outskirts of Lisbon, decides to set off on a journey to the African continent in search of his father and…",https://www.rtp.pt/play/p7017/e550822/djon-africa
Portuguese films,Próximo Futuro,Near Future,film,29 dez. 2020,yes,Três cineastas mostram a sua visão do próximo futuro através de três curtas-metragens reunidas num único filme.,Three filmmakers show their vision of the near future through three short films brought together in a single film.,https://www.rtp.pt/play/p8204/e514887/proximo-futuro
Portuguese films,Escola das Artes,School of Arts,film,25 dez. 2020,yes,"Rute, mãe de quatro filhos muito diferentes, vê-se obrigada a arranjar uma solução para suportar os custos da família. Ex-bailarina, acaba por co","Rute, mother of four very different children, is forced to find a way to cover the family's costs. A former dancer, she ends up…",https://www.rtp.pt/play/p7314/e514300/escola-das-artes
Portuguese films,Até que o Porno nos Separe,Until Porn Do Us Part,film,14 ago. 2020,no,"Eulália, uma mãe católica e conservadora de 65 anos de idade, descobre que o filho, que emigrou para a Alemanha, se tornou Fostter Riviera, o prime","Eulália, a 65-year-old Catholic and conservative mother, discovers that her son, who emigrated to Germany, has become Fostter Riviera, the first…",https://www.rtp.pt/play/p7574/e488448/ate-que-o-porno-nos-separe
Portuguese films,O Amor é Lindo... Porque Sim!,Love Is Beautiful... Just Because!,film,28 mai. 2020,yes,"Depois da curta-metragem 'Entre o Desejo e o Destino' (2005) e das longas 'Quinze Pontos na Alma' (2011) e 'Florbela' (2012), o argumentista Vicente A","After the short film 'Entre o Desejo e o Destino' (2005) and the features 'Quinze Pontos na Alma' (2011) and 'Florbela' (2012), screenwriter Vicente A…",https://www.rtp.pt/play/p3525/e474993/o-amor-e-lindo-porque-sim
Portuguese films,A Canção de Lisboa,The Song of Lisbon,film,22 set. 2019,no,"Vasco Leitão, estudante de medicina, sobrevive na capital à custa da mesada das tias de Trás-os-Montes, que nunca vieram a Lisboa e o consideram um","Vasco Leitão, a medical student, gets by in the capital on the allowance from his aunts in Trás-os-Montes, who have never been to Lisbon and consider him a…",https://www.rtp.pt/play/p3915/e810579/a-cancao-de-lisboa
Portuguese films,O Pátio das Cantigas,The Courtyard of Songs,film,18 nov. 2018,no,Uma das mais conhecidas comédias do cinema português adaptada à atualidade por Leonel Vieira,"One of the best-known comedies of Portuguese cinema, adapted to the present day by Leonel Vieira",https://www.rtp.pt/play/p4132/e810578/o-patio-das-cantigas
Portuguese films,O Pátio das Cantigas - Minissérie,The Courtyard of Songs - Miniseries,film,09 jun. 2016,no,"'Bom dia menina Rosa!' é como arranca o 'O Pátio das Cantigas' onde mora a linda balconista Rosa e os seus dois pretendentes: Narciso, um guia turí","'Good morning, Miss Rosa!' is how 'O Pátio das Cantigas' begins, where the lovely shop assistant Rosa lives, along with her two suitors: Narciso, a tour gu…",https://www.rtp.pt/play/p2534/e810458/o-patio-das-cantigas
Portuguese films,Os Filhos do Rock - Making Of,Children of Rock - Making Of,film,04 jun. 2015,yes,"'Os Filhos do Rock' conta a história da geração que atravessou a década de 80, e criou a raiz criativa do que viria a ser o 'boom' do rock portugu",'Os Filhos do Rock' tells the story of the generation that lived through the 80s and created the creative roots of what would become the Portuguese rock 'boom'…,https://www.rtp.pt/play/p1886/e197381/os-filhos-do-rock
Food,Chefs de Casa,Home Chefs,2,26 abr. 2020,yes,Saiba o que se come nas casas dos Chefs portugueses e aprenda as receitas em família…,Find out what they eat in the homes of Portuguese chefs and learn the recipes as a family…,https://www.rtp.pt/play/p7193/e468993/chefs-de-casa
Food,Manual de Instruções,Instruction Manual,12+,05 nov. 2016,yes,Um Manual de Instruções com receitas práticas do dia a dia com um toque profissional…,An instruction manual with practical everyday recipes given a professional touch…,https://www.rtp.pt/play/p2545/e910016/manual-de-instrucoes
Food,Na Cozinha com Henrique Sá Pessoa,In the Kitchen with Henrique Sá Pessoa,5,07 mai. 2016,yes,Uma série de 5 episódios especiais que preparam o lançamento do novo projeto de cozinha de Henrique Sá Pessoa.,A series of 5 special episodes leading up to the launch of Henrique Sá Pessoa's new cookery project.,https://www.rtp.pt/play/p2398/e234724/manual-de-instrucoes
Foreign-language fiction,Elvis,Elvis,1,30 ago. 2026,no,"Realizado por Baz Luhrmann, Elvis retrata a vida e a carreira de Elvis Presley, explorando a sua relação com o enigmático empresário Coronel Tom P","Directed by Baz Luhrmann, Elvis portrays the life and career of Elvis Presley, exploring his relationship with his enigmatic manager Colonel Tom P…",https://www.rtp.pt/play/p17060/e950836/elvis
Foreign-language fiction,A Descoberta do Primeiro Amor,Flipped,1,30 ago. 2026,no,"Nos anos 60, Juli Baker acredita, desde o primeiro instante, que Bryce Loski é o amor da sua vida. Enquanto ela faz de tudo para conquistar o rapaz, ","In the 60s, Juli Baker believes, from the very first moment, that Bryce Loski is the love of her life. While she does everything to win the boy over,…",https://www.rtp.pt/play/p17061/e950838/a-descoberta-do-primeiro-amor
Foreign-language fiction,Academia de Polícia 7: Missão em Moscovo,Police Academy: Mission to Moscow,1,23 ago. 2026,no,"O pobre comandante Lassard, o inimitável Jones, o fanático de armas Tackleberry, a formosa Callahan, e o intratável Capitão Harris, juntam-se ao C","Poor Commandant Lassard, the inimitable Jones, gun fanatic Tackleberry, the lovely Callahan and the intractable Captain Harris join C…",https://www.rtp.pt/play/p17049/e949632/academia-de-policia-7-missao-em-moscovo
Foreign-language fiction,O Comediante,The Comedian,1,23 ago. 2026,no,"Jackie Burke é um comediante que perdeu o prestígio e que tenta, a qualquer custo, reaver a antiga fama. Quando condenado a prestar serviços comuni","Jackie Burke is a comedian who has lost his prestige and is trying, at any cost, to regain his former fame. When sentenced to community serv…",https://www.rtp.pt/play/p17050/e949643/o-comediante
Foreign-language fiction,Isto Não é a Suécia,This Is Not Sweden,8,17 ago. 2026,no,"Tudo Acaba por Passar - A casa das suecas está cheia de caixas de mudança. Estão de partida do bairro. Dois meses depois, a vida de Mariana e Samue","Everything Passes in the End - The Swedes' house is full of moving boxes. They are leaving the neighbourhood. Two months later, the lives of Mariana and Samue…",https://www.rtp.pt/play/p16906/e948230/esto-no-es-suecia
Foreign-language fiction,Zorras,Zorras,8,10 ago. 2026,no,Alicia percebe que sua vida em Madrid se tornou insustentável. Diana conta a verdade aos pais e sai de casa. Parece que as três amigas estão preste,Alicia realises that her life in Madrid has become unbearable. Diana tells her parents the truth and leaves home. It seems the three friends are about…,https://www.rtp.pt/play/p17008/e945670/zorras
Foreign-language fiction,A Idade da Ira,The Age of Anger,4,27 jul. 2026,no,"Marcos - Dias antes do homicídio do pai, Marcos vive os melhores dias da sua vida com os seus amigos. Na sequência do acontecimento, o professor de ","Marcos - Days before his father's murder, Marcos is living the best days of his life with his friends. In the wake of the event, the teacher of…",https://www.rtp.pt/play/p17001/e944743/a-idade-da-ira
Foreign-language fiction,Dezoito,Eighteen,6,20 jul. 2026,no,"Meses depois, Moha e Cèlia continuam com as suas vidas, agora separados pela distância.","Months later, Moha and Cèlia carry on with their lives, now separated by distance.",https://www.rtp.pt/play/p16907/e942986/dezoito
Foreign-language fiction,O Homem Que Matou Dom Quixote,The Man Who Killed Don Quixote,1,19 jul. 2026,no,"Toby, um cínico director de publicidade, encontra-se preso aos delírios de um velho sapateiro espanhol que acredita ser Dom Quixote. No decurso das ","Toby, a cynical advertising director, finds himself trapped in the delusions of an old Spanish shoemaker who believes he is Don Quixote. In the course of the…",https://www.rtp.pt/play/p15993/e943599/o-homem-que-matou-dom-quixote
Foreign-language fiction,HIT,HIT,10,16 jul. 2026,no,"Lena, Andrés, Darío, Erika, Gus, Jaco, Marga, Nourdin e Silvia vivem um encontro final emocionante. É a última aula, a última vez que estarão co","Lena, Andrés, Darío, Erika, Gus, Jaco, Marga, Nourdin and Silvia experience an emotional final gathering. It is the last class, the last time they will be to…",https://www.rtp.pt/play/p16905/e942499/hit
Foreign-language fiction,Népia,Népia,8,13 jul. 2026,no,Pete abandona o objetivo de ficar sóbrio e acaba por consumir drogas com um antigo amigo.,Pete gives up on his goal of staying sober and ends up taking drugs with an old friend.,https://www.rtp.pt/play/p16926/e942059/nepia
Foreign-language fiction,Um Chá no Deserto,The Sheltering Sky,1,28 jun. 2026,no,"1947. Port Moresby (John Malkovich) e a sua mulher Kit (Debra Winger) chegam de barco a vapor ao Norte de Africa. Casados há dez anos, procuram harmo","1947. Port Moresby (John Malkovich) and his wife Kit (Debra Winger) arrive by steamboat in North Africa. Married for ten years, they are seeking harmo…",https://www.rtp.pt/play/p15480/e939174/um-cha-no-deserto
Foreign-language fiction,A Conspiração do Cairo,Cairo Conspiracy,1,26 jun. 2026,no,"Adam, filho de um pescador, recebe o privilégio de estudar na Universidade Al-Azhar, no Cairo, o epicentro do poder do Islão sunita. No primeiro dia","Adam, the son of a fisherman, is given the privilege of studying at Al-Azhar University in Cairo, the epicentre of Sunni Islamic power. On the first day…",https://www.rtp.pt/play/p14754/e938876/a-conspiracao-do-cairo
Foreign-language fiction,Viciados,Addicts,6,22 jun. 2026,no,"Cinco estudantes com dependência química experimentam novas formas de consumir cocaína, metanfetamina e MDMA, das quais não conseguem recuperar-se","Five students with chemical dependency try new ways of taking cocaine, methamphetamine and MDMA, from which they cannot recover…",https://www.rtp.pt/play/p16711/e928488/viciados
Foreign-language fiction,Não Se Passa Nada,Nothing's Going On,6,28 mai. 2026,no,"Zofie e Andrea começam a criar conteúdo pago para plataformas de entretenimento para adultos. Embora sigam percursos semelhantes, as motivações de","Zofie and Andrea start creating paid content for adult entertainment platforms. Although they follow similar paths, their motivations…",https://www.rtp.pt/play/p16712/e928417/nao-se-passa-nada
Foreign-language fiction,Pequenos Reis,Little Kings,6,20 mai. 2026,no,"O Fim - Graças a Bee, Adaboy e Julep agora sabem quem é o corajoso, mas não conseguem apanhá-lo! Apesar de todos os seus esforços, o agressor par","The End - Thanks to Bee, Adaboy and Julep now know who the brave one is, but they can't catch him! Despite all their efforts, the attacker…",https://www.rtp.pt/play/p16625/e924150/pequenos-reis
Foreign-language fiction,Plano de Fuga,Escape Plan,8,07 mai. 2026,no,"Como previsto, Alice corta a eletricidade a partir da cela de castigo, mas é condenada a permanecer fechada enquanto os outros fogem. No entanto, Hac","As planned, Alice cuts off the electricity from the punishment cell, but she is condemned to stay locked up while the others escape. However, Hac…",https://www.rtp.pt/play/p16624/e926245/zonz
Foreign-language fiction,Tu e Eu,You and Me,3,20 abr. 2026,no,Uma comédia romântica dramática sobre encontrar o amor quando menos se espera. Três pessoas passam por tragédias que acreditam ser insuperáveis.,A romantic comedy-drama about finding love when you least expect it. Three people go through tragedies they believe to be insurmountable.,https://www.rtp.pt/play/p16477/e915181/tu-e-eu
Foreign-language fiction,Em Fuga,On the Run,6,13 abr. 2026,no,"Algumas Coisas Duram Muito Tempo - Após cinco anos foragido, a sorte de Brenden está a esgotar-se. Finalmente conseguirá fugir do país com Jackie,","Some Things Last a Long Time - After five years on the run, Brenden's luck is running out. Will he finally manage to flee the country with Jackie,…",https://www.rtp.pt/play/p16573/e920452/run
Foreign-language fiction,Depois da Festa,After the Party,6,06 abr. 2026,no,"Penny tenta pedir desculpa a Grace e a Phil, mas descobre que eles vão mudar-se para a Escócia. Ollie desaparece. Penny pede a Tom que procure Ollie","Penny tries to apologise to Grace and Phil, but finds out they are moving to Scotland. Ollie disappears. Penny asks Tom to look for Ollie…",https://www.rtp.pt/play/p16570/e919545/depois-da-festa
Foreign-language fiction,À Escuta,The Hack,7,02 abr. 2026,no,"Nick, Dave e os seus aliados enfrentam novas e preocupantes ameaças à medida que o escândalo de escutas telefónicas explode e Rupert Murdoch compa","Nick, Dave and their allies face new and worrying threats as the phone-hacking scandal explodes and Rupert Murdoch…",https://www.rtp.pt/play/p16482/e917394/a-escuta
Foreign-language fiction,Histórias Eróticas,Erotic Stories,8,27 mar. 2026,no,"Máscara Para Cima - Uma jovem lésbica não-binária que se orgulha da sua proeza sexual, confronta as suas inseguranças internalizada quando tem re",Mask Up - A young non-binary lesbian who prides herself on her sexual prowess confronts her internalised insecurities when she has…,https://www.rtp.pt/play/p16480/e917460/historias-eroticas
Foreign-language fiction,As Golpistas,The Scammers,6,19 mar. 2026,no,"É o dia do assalto. Sam e Bert têm de manter a calma para que o plano seja bem-sucedido, com a tensão no ar, ressentimentos profundos e planos de v","It's the day of the heist. Sam and Bert must keep calm for the plan to succeed, with tension in the air, deep resentments and plans for re…",https://www.rtp.pt/play/p16479/e915364/as-golpistas
Foreign-language fiction,Lindos de Morrer,Drop Dead Gorgeous,6,17 mar. 2026,no,"Will, Elliot e Jess sobreviverão o tempo suficiente para descobrir quem foi o culpado?","Will Will, Elliot and Jess survive long enough to find out who was to blame?",https://www.rtp.pt/play/p16476/e915215/lindos-de-morrer
Foreign-language fiction,O Casal da Porta ao Lado - Atração Fatal,The Couple Next Door - Fatal Attraction,6,02 fev. 2026,no,O casamento de Charlotte e Jacob desmorona. Alan toma medidas drásticas na tentativa de salvar Mia. Gemma e Leo correm contra o tempo para descobrir ,Charlotte and Jacob's marriage falls apart. Alan takes drastic measures in an attempt to save Mia. Gemma and Leo race against time to find out…,https://www.rtp.pt/play/p16270/e905283/the-couple-next-door-deadly-attraction
Foreign-language fiction,O Casal da Porta ao Lado,The Couple Next Door,6,22 jan. 2026,no,Segredos são revelados durante um confronto violento em Yorkshire Dales. Será que algum relacionamento sobreviverá?,Secrets are revealed during a violent confrontation in the Yorkshire Dales. Will any relationship survive?,https://www.rtp.pt/play/p16269/e902785/o-casal-da-porta-ao-lado
Foreign-language fiction,Somos As Lady Parts,We Are Lady Parts,6,29 dez. 2025,no,O projeto Lady Parts torna-se frustrante quando a editora começa a interferir no seu álbum de estreia. A banda chega a um ponto de ruptura e decide ,The Lady Parts project becomes frustrating when the record label starts interfering with their debut album. The band reaches breaking point and decides…,https://www.rtp.pt/play/p15980/e896613/somos-as-lady-parts
Foreign-language fiction,O Corno do Centeio,The Rye Horn,1,29 dez. 2025,yes,"Ilha de Arousa, 1971. María é uma mulher galega que vive da pesca de marisco, mas também é conhecida na comunidade pelo seu trabalho de parteira, ","Arousa Island, 1971. María is a Galician woman who makes a living from shellfish gathering, but she is also known in the community for her work as a midwife,…",https://www.rtp.pt/play/p16035/e898876/o-corno-do-centeio
Foreign-language fiction,Tudo O Que Sei Sobre O Amor,Everything I Know About Love,7,20 dez. 2025,no,"Quando uma viagem de trabalho a Nova Iorque se transforma numa viagem de férias sozinha, Maggie vê-se inesperadamente envolvida num romance turbulen","When a work trip to New York turns into a solo holiday, Maggie unexpectedly finds herself caught up in a turbulent romance…",https://www.rtp.pt/play/p15981/e896674/tudo-o-que-sei-sobre-amor
Foreign-language fiction,Logout,Logout,6,05 dez. 2025,no,"Giulia e Achille descobrem o esconderijo do homem que os persegue desde o início: Jezebel, um criminoso que os manipula do seu bunker. Após um confr","Giulia and Achille discover the hideout of the man who has been pursuing them from the start: Jezebel, a criminal who manipulates them from his bunker. After a confr…",https://www.rtp.pt/play/p15870/e890234/logout
Foreign-language fiction,Artigo 66-5,Article 66-5,8,16 out. 2025,no,"Roxane quer denunciar os Boutalebs, mas sabe que isso pode acabar com a sua carreira em Bobigny. Bilal oferece-lhe uma alternativa: derrotar os Boutal","Roxane wants to report the Boutalebs, but she knows this could end her career in Bobigny. Bilal offers her an alternative: defeat the Boutal…",https://www.rtp.pt/play/p15416/e870789/conviction
Foreign-language fiction,Dois Anos e Um Dia,Two Years and a Day,6,12 set. 2025,no,O dia da estreia da peça chegou. O Ministro está presente e aconselha Carlos a pedir perdão no final do espectáculo. Carlos descobre que Sílvia e,The opening night of the play has arrived. The Minister is present and advises Carlos to ask for forgiveness at the end of the show. Carlos discovers that Sílvia and…,https://www.rtp.pt/play/p15502/e874233/dos-anos-y-un-dia
Comedy & entertainment,O Preço Certo,The Price Is Right,12+,10 set. 2026,yes,"No ""Preço Certo"", as emoções são garantidas!","On ""O Preço Certo"", emotions are guaranteed!",https://www.rtp.pt/play/p15334/e952799/o-preco-certo
Comedy & entertainment,Janela Indiscreta,Rear Window,12+,09 set. 2026,no,O seu programa de cinema com Mário Augusto!,"Your cinema programme, with Mário Augusto!",https://www.rtp.pt/play/p16125/e952845/janela-indiscreta
Comedy & entertainment,Em Casa d´ Amália,At Amália's House,12+,05 set. 2026,yes,"Programa inspirado nas célebres noites em que Amália Rodrigues recebia em sua casa, poetas, cantores, pintores, músicos, atores para tertúlias infindáveis…","A programme inspired by the famous evenings when Amália Rodrigues welcomed poets, singers, painters, musicians and actors into her home for endless get-togethers…",https://www.rtp.pt/play/p16913/e951961/em-casa-d-amalia
Comedy & entertainment,The Floor,The Floor,3,05 set. 2026,no,"O maior jogo de tabuleiro do mundo regressa ainda mais vibrante, com novos duelos de conhecimento, muita competição e diversão…","The biggest board game in the world returns, more vibrant than ever, with new knowledge duels, plenty of competition and lots of fun…",https://www.rtp.pt/play/p17048/e951955/the-floor
Comedy & entertainment,Guarda-Roupa,Wardrobe,12+,23 ago. 2026,yes,"Um magazine onde a moda vive, inspira e se transforma, com apresentação de Sílvia Alberto…","A magazine programme where fashion lives, inspires and transforms itself, presented by Sílvia Alberto…",https://www.rtp.pt/play/p16636/e949615/guarda-roupa
Comedy & entertainment,Missão: 100% Português,Mission: 100% Portuguese,1,15 ago. 2026,no,João Paulo Rodrigues e Catarina Maia vão descobrir o que Portugal tem de melhor…,João Paulo Rodrigues and Catarina Maia set out to discover the best that Portugal has to offer…,https://www.rtp.pt/play/p15726/e948463/missao-100-portugues
Comedy & entertainment,Porta Pró Milhão,Door to the Million,1,28 jul. 2026,yes,Especial do Porta dos Fundos que promete trazer humor sem filtros e uma sátira sobre tudo o que une e separa Portugal e o Brasil…,A Porta dos Fundos special promising unfiltered humour and a satire of everything that unites and divides Portugal and Brazil…,https://www.rtp.pt/play/p16775/e945543/porta-pro-milhao
Comedy & entertainment,Agarra-me Se Puderes,Catch Me If You Can,12+,22 jul. 2026,yes,O novo concurso da RTP com apresentação de José Pedro Vasconcelos…,"RTP's new game show, presented by José Pedro Vasconcelos…",https://www.rtp.pt/play/p16549/e944142/agarra-me-se-puderes
Comedy & entertainment,Herói Nacional,National Hero,10,13 jul. 2026,yes,Fernando Alvim percorre o país de lés-a-lés para conhecer heróis e heroínas do nosso país…,Fernando Alvim travels the length and breadth of the country to meet our nation's heroes and heroines…,https://www.rtp.pt/play/p16661/e942232/heroi-nacional
Comedy & entertainment,IPMA - International Portuguese Music Awards 2026,IPMA - International Portuguese Music Awards 2026,1,30 jun. 2026,yes,IPMA - International Portuguese Music Awards 2026 - espetáculo que celebra artistas portugueses de todo o mundo.,IPMA - International Portuguese Music Awards 2026 - a show celebrating Portuguese artists from all over the world.,https://www.rtp.pt/play/p16886/e939811/ipma-international-portuguese-music-awards-2026
Comedy & entertainment,Tradição Z,Tradition Z,6,02 jun. 2026,yes,Lara Lopes percorre o país à procura de jovens que mantêm vivas ou reinventam as nossas tradições…,Lara Lopes travels the country in search of young people who are keeping our traditions alive or reinventing them…,https://www.rtp.pt/play/p16606/e933654/tradicao-z
Comedy & entertainment,Taskmaster - Melhores Momentos,Taskmaster - Best Moments,1,30 mai. 2026,no,Recorde os melhores momentos da 7ª temporada do Taskmaster…,Look back at the best moments of the 7th season of Taskmaster…,https://www.rtp.pt/play/p16745/e932861/taskmaster-melhores-momentos
Comedy & entertainment,Taskmaster,Taskmaster,10,23 mai. 2026,no,Taskmaster está de volta com muita loucura e diversão!,Taskmaster is back with plenty of madness and fun!,https://www.rtp.pt/play/p16438/e931016/taskmaster
Comedy & entertainment,Joker,Joker,12+,15 mai. 2026,yes,"Um único concorrente, sem adversários, usa todos os trunfos para ganhar o prémio máximo de 50.000 euros…","A single contestant, with no opponents, uses every card up their sleeve to win the top prize of 50,000 euros…",https://www.rtp.pt/play/p15601/e929232/joker
Comedy & entertainment,Play - Prémios da Música Portuguesa - Melhores Momentos,Play - Portuguese Music Awards - Best Moments,1,02 mai. 2026,yes,Título Original: Play - Prémios da Música Portuguesa - Melhores Momentos 2025…,Original title: Play - Prémios da Música Portuguesa - Melhores Momentos 2025…,https://www.rtp.pt/play/p16635/e926621/play-premios-da-musica-portuguesa-melhores-momentos
Comedy & entertainment,Um Mundo na Aldeia,A World in the Village,6,26 abr. 2026,yes,Hélder Reis e Vanessa Oliveira levam-nos a descobrir 12 aldeias bem portuguesas…,Hélder Reis and Vanessa Oliveira take us to discover 12 thoroughly Portuguese villages…,https://www.rtp.pt/play/p16439/e924905/um-mundo-na-aldeia
Comedy & entertainment,Alguém Tem de o Fazer,Somebody Has to Do It,8,11 mar. 2026,yes,"José Pedro Vasconcelos embarca numa viagem ao universo das profissões, das mais banais às mais insólitas…","José Pedro Vasconcelos sets off on a journey into the world of work, from the most ordinary jobs to the most extraordinary…",https://www.rtp.pt/play/p16275/e914467/alguem-tem-de-o-fazer
Comedy & entertainment,Rebobinar Portugal,Rewind Portugal,8,03 fev. 2026,yes,"Entre memórias, grandes surpresas e gargalhadas, Vanessa Oliveira e José Carlos Malato levam-nos num mergulho pelo arquivo da RTP…","Between memories, big surprises and plenty of laughter, Vanessa Oliveira and José Carlos Malato take us on a dive into the RTP archives…",https://www.rtp.pt/play/p15902/e906723/rebobinar-portugal
Comedy & entertainment,Taskmaster - Especial de Fim de Ano,Taskmaster - New Year's Eve Special,1,31 dez. 2025,no,O Taskmaster recebe 2026 em festa com um programa inédito!,Taskmaster welcomes in 2026 in style with a brand-new episode!,https://www.rtp.pt/play/p16036/e899617/taskmaster-especial-de-fim-de-ano
Comedy & entertainment,Em Casa d´ Amália - Brejão,At Amália's House - Brejão,3,06 set. 2025,yes,"Especial Em Casa d´ Amália ao vivo a partir da casa de férias de Amália Rodrigues, no Brejão.","An Em Casa d'Amália special, live from Amália Rodrigues' holiday home in Brejão.",https://www.rtp.pt/play/p14673/e873907/em-casa-d-amalia-brejao
Comedy & entertainment,Portugueses Pelo Mundo - Especial Beirais,Portuguese Around the World - Beirais Special,1,01 mar. 2025,yes,"Neste episódio especial cruzamos a fronteira entre a realidade e a ficção através dos universos de dois programas de grande sucesso da RTP: ""Portugueses pelo Mundo"" e ""Bem-vindos a Beirais""!","In this special episode we cross the border between reality and fiction through the worlds of two hugely successful RTP programmes: ""Portugueses pelo Mundo"" and ""Bem-vindos a Beirais""!",https://www.rtp.pt/play/p1399/e826815/portugueses-pelo-mundo-especial-beirais
Comedy & entertainment,Mesa Portuguesa... com Estrelas Com Certeza! - Especial 1974,"Portuguese Table... with Stars, Of Course! - 1974 Special",2,04 mai. 2024,no,Conheça os Chefes dos restaurantes distinguidos com Estrelas Michelin depois do 25 de Abril de 1974…,Meet the chefs of the restaurants awarded Michelin stars since 25 April 1974…,https://www.rtp.pt/play/p13306/e766637/mesa-portuguesa-com-estrelas-com-certeza
Comedy & entertainment,Curral de Moinas - Os Banqueiros do Povo,Curral de Moinas - The People's Bankers,10,01 set. 2023,yes,O regresso hilariante a Curral de Moinas com Quim Roscas e Zé Estacionâncio…,The hilarious return to Curral de Moinas with Quim Roscas and Zé Estacionâncio…,https://www.rtp.pt/play/p12144/e712776/curral-de-moinas-os-banqueiros-do-povo
Comedy & entertainment,"Depois, Vai-se a Ver e Nada",Then You Look and It's Nothing,12+,26 jun. 2023,yes,"Da Póvoa de Varzim a Portimão, e acompanhado por convidados muito especiais, Zé Pedro Vasconcelos faz a festa, atira os foguetes e farta-se de correr para apanhar todas as canas…","From Póvoa de Varzim to Portimão, and joined by some very special guests, Zé Pedro Vasconcelos throws the party, sets off the fireworks and runs himself ragged to catch every last prize…",https://www.rtp.pt/play/p10389/e701024/depois-vai-se-a-ver-e-nada
Comedy & entertainment,Nelo & Idália,Nelo & Idália,12+,22 jun. 2022,yes,"Nelo e Idália prometem humor alternativo na RTP, numa série explosiva e mordaz…","Nelo and Idália promise alternative comedy on RTP, in an explosive and biting series…",https://www.rtp.pt/play/p2069/e747719/nelo-e-idalia
Comedy & entertainment,Unidos ao Clube,United by the Club,12+,30 jan. 2022,yes,"Magazine que mostra os heróis que constroem, no campo de jogos ou na praceta, um sentimento de comunidade…","A magazine programme showcasing the heroes who build a sense of community, whether on the playing field or in the local square…",https://www.rtp.pt/play/p9468/e595642/unidos-ao-clube
Comedy & entertainment,#SÓQNÃO,#NOT,10,29 nov. 2021,yes,"Dez novos protagonistas, que contam, sem interrupções, as suas vivências enquanto parte de grupos sujeitos a preconceitos da sociedade em geral…","Ten new protagonists who talk, without interruption, about their lives as members of groups that face prejudice from society at large…",https://www.rtp.pt/play/p9531/e581328/soqnao
Comedy & entertainment,Pôr do Sol,Sunset,12+,03 set. 2021,yes,"Amor, paixão, mistério, traição fazem os dias da herdade do Pôr do Sol…","Love, passion, mystery and betrayal fill the days at the Pôr do Sol estate…",https://www.rtp.pt/play/p9165/e565528/por-do-sol
Comedy & entertainment,Patrulha da Noite - Especial,Night Patrol - Special,1,14 jan. 2021,yes,O programa mais divertido da televisão portuguesa com emissão especial dedicada ao fim de ano…,"The funniest programme on Portuguese television, in a special edition dedicated to New Year's Eve…",https://www.rtp.pt/play/p8194/e517896/patrulha-da-noite-especial-ano-novo
Comedy & entertainment,Desliga a Televisão,Turn Off the TV,4,04 out. 2020,yes,"Melhores momentos da série de humor que inclui vários sketches cómicos, que passam de uns para os outros à medida que o telespectador faz zapping,","Best moments of the comedy series featuring various comic sketches, which jump from one to the next as the viewer channel-hops,…",https://www.rtp.pt/play/p7402/e497083/desliga-a-televisao-compactos
Comedy & entertainment,Eduardo Madeira Convida,Eduardo Madeira Invites,1,13 set. 2020,yes,"Um espetáculo de humor, música e muita diversão…","A show full of comedy, music and plenty of fun…",https://www.rtp.pt/play/p7647/e492753/eduardo-madeira-convida
Comedy & entertainment,Excursões Air Lino,Air Lino Excursions,12+,17 nov. 2018,yes,"Excursões AirLino, enganam até no destino!",Excursões AirLino - they even lie to you about the destination!,https://www.rtp.pt/play/p4287/e812470/excursoes-air-lino
Comedy & entertainment,1986,1986,12+,13 mar. 2018,yes,"A eleição de um Presidente. A busca pelo amor. Na escola e fora dela. A vida é difícil, mas em 1986 ainda era mais!","The election of a President. The search for love. At school and outside it. Life is hard, but in 1986 it was even harder!",https://www.rtp.pt/play/p4460/e808293/1986
Comedy & entertainment,Animais Anónimos,Anonymous Animals,12+,14 mai. 2017,no,Animais Anónimos é uma celebração de todas as razões que nos fazem amar os animais…,Animais Anónimos is a celebration of all the reasons why we love animals…,https://www.rtp.pt/play/p2882/e288437/animais-anonimos
International documentaries,Inesquecíveis Viagens de Comboio,Unforgettable Train Journeys,3,10 set. 2026,no,"Brasil - Neste episódio, Philippe segue rumo ao Brasil. A sua viagem começa no Rio de Janeiro, onde viaja num comboio suburbano muito original, no q","Brazil - In this episode, Philippe heads to Brazil. His journey begins in Rio de Janeiro, where he rides a very unusual suburban train, in which…",https://www.rtp.pt/play/p15462/e952785/inesqueciveis-viagens-de-comboio
International documentaries,Segredos das Casas e Jardins Históricos da Grã-Bretanha,Secrets of Great British Houses and Gardens,6,08 set. 2026,no,Um misterioso retrato de um criado revela os seus segredos e dois raros tesouros escondidos são trazidos de volta à luz do dia.,A mysterious portrait of a servant reveals its secrets and two rare hidden treasures are brought back into the light of day.,https://www.rtp.pt/play/p15137/e952338/segredos-das-casas-e-jardins-historicos-da-gra-bretanha
International documentaries,Uma Vida em Dez Imagens,A Life in Ten Pictures,6,07 set. 2026,no,"Nelson Mandela - A imagem de Nelson Mandela é famosa em todo o mundo. No entanto, apenas um punhado de fotografias icónicas e instantâneos privados","Nelson Mandela - The image of Nelson Mandela is famous all over the world. However, only a handful of iconic photographs and private snapshots…",https://www.rtp.pt/play/p16964/e952137/uma-vida-em-dez-imagens
International documentaries,Cidades de Ouro: O Grande Mal-Entendido,Cities of Gold: The Great Misunderstanding,1,06 set. 2026,no,"Quinhentos anos após a descoberta da América, arqueólogos franceses, colombianos e ingleses uniram esforços para investigar a história sombria da","Five hundred years after the discovery of America, French, Colombian and English archaeologists joined forces to investigate the dark history of the…",https://www.rtp.pt/play/p16560/e950095/les-cites-de-or-le-grand-malentendu
International documentaries,Dante: Do Inferno ao Paraíso,Dante: From Hell to Paradise,3,01 set. 2026,no,"Entrelaçando cenas inspiradoras retiradas do Purgatório e do Paraíso, o último episódio explora a vida após a morte e o destino literário e cul","Weaving together inspiring scenes taken from Purgatory and Paradise, the final episode explores the afterlife and the literary and cul…",https://www.rtp.pt/play/p16348/e951080/dante-inferno-to-paradise
International documentaries,Neandertal: Quem Matou o Nosso Antepassado?,Neanderthal: Who Killed Our Ancestor?,1,01 set. 2026,no,"Mais de um século e meio após a descoberta do primeiro fóssil no Vale do Neander, o desaparecimento dos neandertais - os 'outros humanos' - continu","More than a century and a half after the discovery of the first fossil in the Neander Valley, the disappearance of the Neanderthals - the 'other humans' - remain…",https://www.rtp.pt/play/p16420/e951090/neandertal-quem-matou-o-nosso-antepassado
International documentaries,Fronteiras da História,Frontiers of History,3,30 ago. 2026,no,"NATO Contra Milosevic - O Barril de Pólvora dos Balcãs - Em março de 1999, um acordo internacional, liderado pelos Estados Unidos, lançou uma oper","NATO Against Milosevic - The Balkan Powder Keg - In March 1999, an international agreement, led by the United States, launched an oper…",https://www.rtp.pt/play/p15809/e950812/fronteiras-da-historia
International documentaries,A Viagem de Ulisses no Mediterrâneo,The Voyage of Ulysses in the Mediterranean,1,22 ago. 2026,no,A Odisseia de Homero está entre as obras literárias mais antigas e estudadas da civilização. As suas páginas narram a história épica da viagem ,Homer's Odyssey is among the oldest and most studied literary works of civilisation. Its pages tell the epic story of the journey…,https://www.rtp.pt/play/p16399/e949492/a-viagem-de-ulisses-no-mediterraneo
International documentaries,Quem Manda no Mundo?,Who Rules the World?,4,19 ago. 2026,no,Os conflitos pela terra caracterizam a vida das pessoas em todo o mundo. Há pequenos agricultores a perder os seus meios de subsistência. A propried,Conflicts over land shape people's lives all over the world. There are small farmers losing their livelihoods. Land owners…,https://www.rtp.pt/play/p15815/e948998/quem-manda-no-mundo
International documentaries,A Verdade Nua e Crua,The Naked Truth,6,19 ago. 2026,no,"Sexo - Ousado, revelador e baseado na ciência, não em mitos nem em estratégias de marketing. Desde a química do cérebro até ao comportamento no ","Sex - Bold, revealing and based on science, not on myths or marketing strategies. From brain chemistry to behaviour in…",https://www.rtp.pt/play/p16937/e949001/a-verdade-nua-e-crua
International documentaries,A Origem das Motas,The Origin of Motorbikes,4,09 ago. 2026,yes,BMW - Imagem Still,BMW - Still Image,https://www.rtp.pt/play/p16643/e947675/a-origem-das-motas
International documentaries,Os Rosenberg: Espiões Atómicos,The Rosenbergs: Atomic Spies,1,06 ago. 2026,no,"1950. Com os EUA em pleno macarthismo, Julius e Ethel Rosenberg, um casal aparentemente comum, tornam-se alvo do ódio anticomunista. Com base no test","1950. With the USA in the grip of McCarthyism, Julius and Ethel Rosenberg, a seemingly ordinary couple, become the target of anti-communist hatred. Based on the testi…",https://www.rtp.pt/play/p16557/e947046/os-rosenberg-espioes-atomicos
International documentaries,Os Últimos Segredos da Humanidade,Humanity's Last Secrets,2,29 jul. 2026,no,"Uma viagem épica que abrange mais de um milhão de anos da pré-história asiática, através de paisagens deslumbrantes, desde as fronteiras da Mong","An epic journey spanning more than a million years of Asian prehistory, through stunning landscapes, from the borders of Mong…",https://www.rtp.pt/play/p16554/e945466/les-derniers-secrets-de-la-humanite
International documentaries,De Istambul ao Cairo: Mil e Uma Maneiras de Ser Moderno,From Istanbul to Cairo: A Thousand and One Ways to Be Modern,1,29 jul. 2026,no,"Istambul, Beirute, Bagdade, Cairo. A partir do final do século XIX, os artistas do antigo Império Otomano lançaram-se à conquista do poder da imag","Istanbul, Beirut, Baghdad, Cairo. From the late 19th century onwards, artists of the former Ottoman Empire set out to conquer the power of the imag…",https://www.rtp.pt/play/p16617/e945483/de-istambul-ao-cairo-mil-e-uma-maneiras-de-ser-moderno
International documentaries,Renascimento: Sangue e Beleza,Renaissance: Blood and Beauty,3,28 jul. 2026,no,"Redenção - A rivalidade entre Michelangelo e Rafael atinge novos patamares em Roma, enquanto um violento cisma religioso envolve a Europa e faz com ","Redemption - The rivalry between Michelangelo and Raphael reaches new heights in Rome, while a violent religious schism engulfs Europe and causes…",https://www.rtp.pt/play/p16146/e945250/renascimento-sangue-e-beleza
International documentaries,O Grande Nevoeiro,The Great Smog,1,23 jul. 2026,no,"Londres, dezembro de 1952: Uma camada de nevoeiro densa e acre cobre a cidade, infiltra-se nas casas e nos locais de trabalho deixando um rasto de mor","London, December 1952: A dense, acrid layer of fog covers the city, seeping into homes and workplaces and leaving a trail of dea…",https://www.rtp.pt/play/p16966/e944367/o-grande-nevoeiro
International documentaries,As Últimas Pegadas do Neandertal,The Last Footprints of the Neanderthal,1,09 jul. 2026,no,Neste documentário são reveladas descobertas recentes que mudam a nossa compreensão dos Neandertais e da humanidade. Esta é a história dos nossos,This documentary reveals recent discoveries that change our understanding of the Neanderthals and of humanity. This is the story of our…,https://www.rtp.pt/play/p16918/e941437/las-ultimas-huellas-del-neandertal
International documentaries,Castelos do Ar,Castles from the Air,4,07 jul. 2026,no,"Roménia - A Roménia possui terras férteis, paisagens selvagens, montanhas escarpadas e castelos. Não é por acaso que um dos seus pontos turístic","Romania - Romania has fertile lands, wild landscapes, rugged mountains and castles. It is no coincidence that one of its tourist hotspots…",https://www.rtp.pt/play/p16838/e940985/castelos-do-ar
International documentaries,1874 - O Despertar do Impressionismo,1874 - The Dawn of Impressionism,1,28 jun. 2026,no,"15 de Abril de 1874, Paris, um grupo de jovens pintores, rejeitados pelo Salão oficial e ridicularizados pelos mestres clássicos, organizam a sua pr","15 April 1874, Paris: a group of young painters, rejected by the official Salon and ridiculed by the classical masters, organise their fir…",https://www.rtp.pt/play/p14135/e939153/1874-la-naissance-de-limpressionnisme
International documentaries,A Ilha dos Museus de Berlim: A História de uma Nação,Berlin's Museum Island: The Story of a Nation,2,28 jun. 2026,no,"A Ilha dos Museus de Berlim é um dos cinco maiores complexos museológicos do mundo. Classificada como Património Mundial da UNESCO, recebe mais de ","Berlin's Museum Island is one of the five largest museum complexes in the world. A UNESCO World Heritage Site, it welcomes more than…",https://www.rtp.pt/play/p16449/e915028/a-ilha-dos-museus-de-berlim-a-historia-de-uma-nacao
International documentaries,Sean Penn: O Filho Traquina da América,Sean Penn: America's Bad Boy,1,25 jun. 2026,no,"Ator, realizador e, acima de tudo, provocador empenhado: Sean Penn é quase uma lenda em vida. Domina todas as regras, mas nunca as segue. Dois Óscar","Actor, director and, above all, committed provocateur: Sean Penn is almost a living legend. He masters all the rules, but never follows them. Two Oscar…",https://www.rtp.pt/play/p13927/e938460/sean-penn-o-filho-traquina-da-america
International documentaries,Júlio César: Como se Faz um Ditador,Julius Caesar: The Making of a Dictator,2,24 jun. 2026,no,"Os Idos de Março - À medida que Júlio César assume o controlo de Roma e consolida o seu domínio sobre a República, ele concede a si mesmo podere","The Ides of March - As Julius Caesar takes control of Rome and consolidates his rule over the Republic, he grants himself powe…",https://www.rtp.pt/play/p16010/e938192/julio-cesar-como-se-faz-um-ditador
International documentaries,Ecos da História,Echoes of History,2,22 jun. 2026,no,"A Guerra do Rife - O Mundo no Teste da Modernidade - Os Anos Loucos marcam o início do século XX sob o signo do crescimento, da festa e da excentric","The Rif War - The World Put to the Test of Modernity - The Roaring Twenties mark the start of the 20th century under the sign of growth, partying and eccentric…",https://www.rtp.pt/play/p16496/e937642/ecos-da-historia
International documentaries,Ilhas Japonesas Vistas do Ar,Japanese Islands from Above,1,15 jun. 2026,no,"O Japão tem mais de 6800 ilhas. De fortes costeiros abandonados, a afloramentos vulcânicos escarpados e formações geológicas invulgares, as ilhas","Japan has more than 6,800 islands. From abandoned coastal forts to rugged volcanic outcrops and unusual geological formations, the islands…",https://www.rtp.pt/play/p16447/e936082/ilhas-japonesas-vistas-do-ar
International documentaries,O Reino Desaparecido de Carnac,The Lost Kingdom of Carnac,1,13 jun. 2026,no,"Em Carnac, na Bretanha, França, as longas fileiras de menires continuam a intrigar os arqueólogos. São das primeiras obras arquitetónicas constru","In Carnac, in Brittany, France, the long rows of menhirs continue to intrigue archaeologists. They are among the first architectural works built…",https://www.rtp.pt/play/p15872/e935865/o-reino-desaparecido-de-carnac
International documentaries,Como o Dinheiro Moldou o Mundo,How Money Shaped the World,4,08 jun. 2026,no,"O Dinheiro Virtual - Como é que a Europa e a América passaram a utilizarmoeda de papel? Em 1688, em Inglaterra, a Carta dos Direitos conferiu estatu","Virtual Money - How did Europe and America come to use paper money? In 1688, in England, the Bill of Rights gave statu…",https://www.rtp.pt/play/p16694/e934622/como-o-dinheiro-moldou-o-mundo
International documentaries,Camboja Visto do Céu,Cambodia from the Sky,2,07 jun. 2026,no,"O Camboja é um país de uma beleza deslumbrante e um património cultural profundo, mais conhecido pelo icónico Angkor Wat, o maior monumento religi","Cambodia is a country of breathtaking beauty and deep cultural heritage, best known for the iconic Angkor Wat, the largest religious monument…",https://www.rtp.pt/play/p16372/e934506/camboja-visto-do-ceu
International documentaries,A Guerra dos Mundos: O Romance Profético,The War of the Worlds: The Prophetic Novel,1,20 mai. 2026,no,"Publicado em 1898, A Guerra dos Mundos, de H.G. Wells, foi uma verdadeira revolução literária e cultural. O livro lançou as bases da ficção cien","Published in 1898, H.G. Wells's The War of the Worlds was a true literary and cultural revolution. The book laid the foundations of science fic…",https://www.rtp.pt/play/p16726/e930645/la-guerre-des-mondes-quand-mars-attaque
International documentaries,"Sussex, a Joia de Inglaterra","Sussex, the Jewel of England",5,21 abr. 2026,no,"Neste episódio, exploramos as deslumbrantes paisagens de Sussex e a sua costa banhada pelo sol, conhecendo aqueles que cuidam destes lugares.No mar, ","In this episode, we explore the stunning landscapes of Sussex and its sun-drenched coast, meeting those who look after these places. At sea,…",https://www.rtp.pt/play/p15193/e923715/sussex-a-joia-de-inglaterra
International documentaries,A Maldição do Açúcar,The Curse of Sugar,2,14 abr. 2026,no,"No alvorecer do século XX, o açúcar liga o seu destino ao do império americano em plena expansão... Com o êxodo rural massivo provocado pelas re","At the dawn of the 20th century, sugar ties its fate to that of the rapidly expanding American empire... With the massive rural exodus caused by the re…",https://www.rtp.pt/play/p16015/e922028/a-maldicao-do-acucar
International documentaries,Supercidade: Banguecoque,Supercity: Bangkok,1,19 fev. 2026,no,Banguecoque atrai 22 milhões de visitantes por ano. Porquê? O que faz desta cidade uma atração turística e como é viver numa metrópole como est,"Bangkok attracts 22 million visitors a year. Why? What makes this city a tourist attraction, and what is it like to live in a metropolis like th…",https://www.rtp.pt/play/p15174/e909812/supercidade-banguecoque
International documentaries,Ida Lupino: A Noiva Rebelde de Hollywood,Ida Lupino: Hollywood's Rebel Bride,1,14 jan. 2026,no,"Ida Lupino (1918-1995), uma jovem estrela de uma longa linhagem de atores ingleses, chega a Hollywood em 1933 como 'a Jean Harlow inglesa'. No documen","Ida Lupino (1918-1995), a young star from a long line of English actors, arrives in Hollywood in 1933 as 'the English Jean Harlow'. In the documen…",https://www.rtp.pt/play/p15638/e902107/ida-lupino-la-fiancee-rebelle-d-hollywood
International documentaries,Supercidade: Tóquio,Supercity: Tokyo,1,28 dez. 2025,no,"A repórter Elena Bruhn leva-nos numa exploração inspiradora de uma metrópole com quase 38 milhões de habitantes, ao mesmo tempo que revela as que","Reporter Elena Bruhn takes us on an inspiring exploration of a metropolis with almost 38 million inhabitants, while also revealing the…",https://www.rtp.pt/play/p15177/e898759/supercidade-toquio
International documentaries,Cidades Impossíveis,Impossible Cities,4,17 jul. 2025,yes,"Ricardo Moreira dá-nos a conhecer cinco cidades que estão a resolver grandes problemas do mundo: Berlim, Bruxelas, Barcelona, Luxemburgo e Helsínqu","Ricardo Moreira introduces us to five cities that are solving major world problems: Berlin, Brussels, Barcelona, Luxembourg and Helsink…",https://www.rtp.pt/play/p12990/e864727/cidades-impossiveis
International documentaries,Timex: Uma Revolução Por Contar,Timex: An Untold Revolution,1,29 jan. 2025,yes,A Timex Portugal foi um baluarte da inovação tecnológica no nosso país nas décadas de 70 e 80 do século XX. Propomo-nos contar parte da históri,Timex Portugal was a bastion of technological innovation in our country in the 1970s and 80s. We set out to tell part of the stor…,https://www.rtp.pt/play/p14482/e826316/timex-uma-revolucao-por-contar
International documentaries,Distopia,Dystopia,1,02 jan. 2025,no,"Documentário do realizador portuense Tiago Afonso que acompanha, ao longo de treze anos, de 2007 a 2020, as transformações urbanísticas no Porto, ","A documentary by Porto-born director Tiago Afonso that follows, over thirteen years, from 2007 to 2020, the urban transformations in Porto,…",https://www.rtp.pt/play/p10836/e819895/distopia
International documentaries,Havana de Padura,Padura's Havana,1,19 jun. 2024,no,"Documentário histórico-turístico baseado nos livros do escritor cubano Leonardo Padura (Prémio Príncipe das Astúrias), apresentado pela historia","A historical and travel documentary based on the books of Cuban writer Leonardo Padura (Princess of Asturias Award), presented by the histori…",https://www.rtp.pt/play/p13562/e777208/havana-de-padura
International documentaries,No Reino do Dragão,In the Kingdom of the Dragon,1,19 abr. 2022,yes,"O misterioso e quase mítico Tibete manteve-se desconhecido no mundo ocidental até ao início do século XVII, altura em que um grupo de jesuítas po","The mysterious and almost mythical Tibet remained unknown to the Western world until the early 17th century, when a group of Jesuits…",https://www.rtp.pt/play/p10193/e611722/no-reino-do-dragao
International documentaries,Big Cities,Big Cities,3,20 jul. 2021,no,"Porto, Portugal - Minissérie documental de dois episódios sobre as cidades de Lisboa e Porto, contando histórias de experiências e ideias inovador","Porto, Portugal - A two-episode documentary miniseries about the cities of Lisbon and Porto, telling stories of innovative experiences and ideas…",https://www.rtp.pt/play/p8670/e558895/big-cities
International documentaries,Megaoperação,Mega-Operation,1,18 set. 2020,yes,"Mais do que projetar infraestruturas, fazer engenharia é construir sonhos, ultrapassar obstáculos, ter a ambição de crescer e chegar mais longe. N","More than designing infrastructure, engineering is about building dreams, overcoming obstacles, and having the ambition to grow and go further. …",https://www.rtp.pt/play/p7391/e493825/megaoperacao
Kids & animation,Pirata & Capitão,Pirate & Captain,special,10 set. 2026,no,"Não há nada melhor que ser pirata e capitão! Ser pirata e capitão é uma busca sem fim por tesouros, viver grandes aventuras, diversão e espírito de equipa.","There's nothing better than being a pirate and a captain! Being a pirate and a captain means an endless hunt for treasure, great adventures, fun and team spirit.",https://www.rtp.pt/play/p11989/e940816/pirata-capitao
Kids & animation,Mouk,Mouk,special,10 set. 2026,no,"Mouk e Chavapa, os nossos viajantes globais, continuam vivem novas aventuras a viajar de bicicleta pelo mundo! Da Espanha à Rússia, da Mongólia à Turquia, passando pelo Butão, estes dois nossos amigos conhecem habitantes de todo o planeta. Sobe numa bicicleta e junta-te a eles para descobrires um mundo realista, moderno e colorido! Pessoas incríveis, paisagens inacreditáveis e costumes desconhecid…","Mouk and Chavapa, our globetrotters, are off on new adventures cycling around the world! From Spain to Russia, from Mongolia to Turkey, by way of Bhutan, these two friends of ours meet people from all over the planet. Hop on a bike and join them to discover a realistic, modern and colourful world! Incredible people, unbelievable landscapes and unfamiliar custo…",https://www.rtp.pt/play/p12334/e952763/mouk
Kids & animation,Jasmine e Jambo,Jasmine and Jambo,4,10 set. 2026,no,"Jasmine e Jambo são loucos por música Jasmine e Jambo são loucos por música. Eles vivem em Soundland, uma terra divertida e surreal onde a música e a vida andam de mãos dadas.","Jasmine and Jambo are crazy about music. Jasmine and Jambo are crazy about music. They live in Soundland, a fun, surreal land where music and life go hand in hand.",https://www.rtp.pt/play/p13280/e952745/jasmine-e-jambo
Kids & animation,Edmundo e Lúcia +,Edmund and Lucy +,special,10 set. 2026,no,"Edmundo, um esquilo, e Lúcia, uma ursinha curiosa, são criados como irmãos numa majestosa castanheira, uma espécie de cidade radiante na floresta. Brincam e crescem no coração da natureza, respondendo aos enigmas que ela levanta e vivem aventuras ao ar livre na companhia da sua família e amigos.","Edmundo, a squirrel, and Lúcia, a curious little bear, are raised as brother and sister in a majestic chestnut tree, a kind of radiant city in the forest. They play and grow up in the heart of nature, answering the riddles it sets them and having outdoor adventures with their family and friends.",https://www.rtp.pt/play/p14667/e952753/edmundo-e-lucia-
Kids & animation,Petit,Petit,7,10 set. 2026,yes,"Descobre a perspetiva única e imaginativa de Petit sobre situações do quotidiano que se transformam em aventuras fantásticas que ele irá viver, juntamente com os seus amigos.Baseado no premiado livro ""Petit El Monstruo"" de Isol.","Discover Petit's unique and imaginative take on everyday situations, which turn into the fantastic adventures he goes on with his friends. Based on the award-winning book ""Petit El Monstruo"" by Isol.",https://www.rtp.pt/play/p14897/e952924/petit
Kids & animation,As Férias do Menino Nicolau,Nicholas's Holidays,1,10 set. 2026,no,"Nicolau e os seus amigos vivem grandes aventuras no verão! Junta-te ao Nicolau e ao seu alegre grupo nas suas férias, enquanto constroem castelos de areia, exploram novos parques infantis e vão à caça de tesouros! Eles vão catapultar-te para o seu mundo encantador, cheio de travessuras e aventuras. Que verão fantástico para o Nicolau e os seus amigos!","Nicolau and his friends have great adventures in the summer! Join Nicolau and his cheerful gang on their holidays as they build sandcastles, explore new playgrounds and go treasure hunting! They will whisk you off into their charming world, full of mischief and adventure. What a fantastic summer for Nicolau and his friends!",https://www.rtp.pt/play/p15170/e945375/as-ferias-do-menino-nicolau
Kids & animation,Tom Sawyer,Tom Sawyer,1,06 set. 2026,no,"Com o Tom Sawyer vais viver muitas aventuras cheias de liberdade e amizade Tom Sawyer vive a fantasia de todas as crianças: ser livre como um pássaro, ousado, curioso e corajoso. Cada história de Tom Sawyer é repleta de aventuras: que criança não sonharia desafiar os seus pais e uma tempestade furiosa para procurar um tesouro com um melhor amigo como Huckleberry Finn? Através das suas aventuras, T…","With Tom Sawyer you'll have lots of adventures full of freedom and friendship. Tom Sawyer lives out every child's fantasy: to be free as a bird, daring, curious and brave. Every Tom Sawyer story is packed with adventure: what child wouldn't dream of defying their parents and a raging storm to go looking for treasure with a best friend like Huckleberry Finn? Through his adventures, T…",https://www.rtp.pt/play/p11551/e952260/tom-sawyer
Kids & animation,Os Argonautas e a Moeda de Ouro,The Argonauts and the Gold Coin,special,29 jul. 2026,no,"Alba chega a Rodas, uma pequena vila piscatória, para passar o verão na casa da sua tia Helena. Alba está convencida que será um verão chato e solitário... Não poderia estar mais enganada! Em breve ela fará novos e maravilhosos amigos: Lucas, Sali, Olivia e Nil. Juntos farão uma descoberta extraordinária: encontrarão uma moeda de ouro da época romana. Esta descoberta os levará em busca de um tesou…","Alba arrives in Rodas, a small fishing village, to spend the summer at her aunt Helena's house. Alba is convinced it will be a boring, lonely summer... She couldn't be more wrong! She soon makes wonderful new friends: Lucas, Sali, Olivia and Nil. Together they make an extraordinary discovery: a gold coin from Roman times. This discovery will lead them on the hunt for a treasu…",https://www.rtp.pt/play/p13608/e945467/os-argonautas-e-a-moeda-de-ouro
Kids & animation,O Rio que Corre ao Contrário,The River That Flows Backwards,special,26 jul. 2026,no,"Adaptação dos livros de Jean-Claude Mourlevat, ""O Rio que Corre ao Contrário"" é a história de duas jornadas que se complementam Série de animação que conta a história do encontro entre Tomek e Hannah a caminho do rio Qjar. Hannah espera recolher uma gota mágica para salvar o seu pássaro, por sua vez, Tomek junta-se à aventura em busca de uma memória perdida. As suas missões sucedem-se, sobrepõem-s…","Adapted from the books by Jean-Claude Mourlevat, ""The River That Flows Backwards"" is the story of two journeys that complement each other. An animated series telling the story of the meeting between Tomek and Hannah on the way to the river Qjar. Hannah hopes to collect a magic drop of water to save her bird, while Tomek joins the adventure in search of a lost memory. Their quests follow one another, overlap…",https://www.rtp.pt/play/p15996/e944951/o-rio-que-corre-ao-contrario
Kids & animation,Mini Ninjas,Mini Ninjas,1,28 jun. 2026,no,"Histórias épicas... com um toque de humor Ninja! Como te tornares no ninja que sempre quiseste ser? Simples! Basta seres treinado pelo sábio, e bastante excêntrico, Mestre Ninja dos Mini Ninjas! Hiro, Suzume, Futo, Kunochi, Shun, Tora são uma nova geração de divertidos, adoráveis, falíveis e audazes ninjas. A sua missão? Defender a Terra do comandante Ashida, cuja magia de Kuji transforma animais…","Epic stories... with a touch of ninja humour! How do you become the ninja you've always wanted to be? Simple! All you need is to be trained by the wise and rather eccentric Ninja Master of the Mini Ninjas! Hiro, Suzume, Futo, Kunochi, Shun and Tora are a new generation of fun, lovable, fallible and daring ninjas. Their mission? To defend the Earth from Commander Ashida, whose Kuji magic turns animals…",https://www.rtp.pt/play/p5990/e939205/mini-ninjas
Kids & animation,"Shane, O Chef",Chef Shane,special,26 jun. 2026,no,"Shane, o chef da pequenada! Shane é o chef da pequenada! Ele é ambicioso e enérgico e juntamente com a sua filha Izzy, administram um restaurante na cidade de Munchington onde servem deliciosas iguarias!","Shane, the kids' chef! Shane is the kids' chef! He is ambitious and full of energy, and together with his daughter Izzy he runs a restaurant in the town of Munchington where they serve delicious treats!",https://www.rtp.pt/play/p7858/e938689/shane-o-chef
Kids & animation,Sempre Atrasados,Always Late,special,26 jun. 2026,no,"Nuno e Malika vivem grandes aventuras a caminho da escola e, por isso, chegam sempre atrasados! Todas as manhãs, Nuno e Malika fazem o mesmo caminho para a escola. E, no entanto, eles chegam sempre atrasados! Isso acontece porque, pelo caminho, envolvem-se em aventuras extraordinárias! Mas Prudence, a diretora da escola, nunca acredita numa única palavra das suas extraordinárias histórias...","Nuno and Malika have great adventures on their way to school, and that's why they are always late! Every morning, Nuno and Malika take the same route to school. And yet they are always late! That's because along the way they get caught up in extraordinary adventures! But Prudence, the head teacher, never believes a single word of their extraordinary stories...",https://www.rtp.pt/play/p9289/e938695/nate-is-late
Kids & animation,Anselmo Wannabe - O Professor,Anselmo Wannabe - The Teacher,special,08 jun. 2026,no,"Anselmo vai conhecer várias profissões e viver muitas aventuras e peripécias cómicas Letizia, que sempre tem a resposta certa, levanta a mão prontamente. O dedo da professora desliza sobre as crianças, até apontar para um apavorado ""Anselmo!"". Anselmo é um menino de 10 anos, que frequenta o último ano da escola primária. Esta é a idade em que a fatídica pergunta ""O que queres ser quando cresceres?","Anselmo is going to explore all sorts of jobs and have lots of adventures and comic mishaps. Letizia, who always has the right answer, puts her hand straight up. The teacher's finger moves along the children until it points at a terrified ""Anselmo!"". Anselmo is a 10-year-old boy in his final year of primary school. This is the age of that fateful question: ""What do you want to be when you grow up?",https://www.rtp.pt/play/p15889/e934587/anselmo-wannabe
Kids & animation,"Mune, O Guardião da Lua",Mune: Guardian of the Moon,special,07 jun. 2026,no,"Um filme de animação para toda a família realizado por Alexandre Heboyan e Benoît Philippon Num mundo mítico, Mune, com uma faceta um pouco selvagem, é nomeado contra a sua vontade, guardião da lua. O seu trabalho é trazer a noite e tomar conta do mundo dos sonhos. Mas uma série de desastres, uns atrás de outros, dá a oportunidade ao guardião da escuridão, de roubar o sol. Com a ajuda de Sohone, o…","An animated film for the whole family directed by Alexandre Heboyan and Benoît Philippon In a mythical world, Mune, who has a somewhat wild streak, is named guardian of the moon against his will. His job is to bring the night and to look after the world of dreams. But a series of disasters, one after another, gives the guardian of darkness the chance to steal the sun. With the help of Sohone, the…",https://www.rtp.pt/play/p5708/e935553/mune-guardiao-lua
Kids & animation,Coração de Fogo,Heart of Fire,special,23 mai. 2026,no,"Georgia é uma uma adolescente de 16 anos que tem o sonho de seguir os passos do pai e se tornar a primeira bombeira mulher Desde os seus 16 anos que Geórgia ambiciona ser bombeira como o seu pai, Shawn Nolan, um capitão reformado da Corporação de Bombeiros de Nova Iorque, só que infelizmente em 1928 as mulheres não podiam ser bombeiras. Mas quando um incêndio começa a destruir os teatros da Broadw…","Georgia is a 16-year-old girl who dreams of following in her father's footsteps and becoming the first woman firefighter Ever since she was 16, Georgia has dreamed of being a firefighter like her father, Shawn Nolan, a retired captain of the New York Fire Department, but unfortunately in 1928 women were not allowed to be firefighters. But when a fire starts destroying the Broadway theatres…",https://www.rtp.pt/play/p16727/e931174/coracao-de-fogo
Kids & animation,A Minha Lancheira - A Minha Lancheira do copo cola-tudo,My Lunchbox - My Stick-Everything Cup Lunchbox,special,14 abr. 2026,yes,"A Pilar e a Kate estão prontas para transformar cada lanche numa aventura! A Pilar e a Kate estão prontas para transformar cada lanche numa aventura! Entre gargalhadas, cores e muita imaginação, as Irmãs mostram como preparar lancheiras divertidas, deliciosas e cheias de personalidade, incentivando cada criança a criar as suas próprias combinações.Com uma linguagem espontânea, de criança para cria…","Pilar and Kate are ready to turn every snack into an adventure! Pilar and Kate are ready to turn every snack into an adventure! Amid laughter, colour and plenty of imagination, the Sisters show how to put together lunchboxes that are fun, delicious and full of personality, encouraging every child to create their own combinations. With a spontaneous style, child to chil…",https://www.rtp.pt/play/p15891/e921992/a-minha-lancheira
Kids & animation,Descomplica - Inteligência Artificial Generativa,Made Simple - Generative Artificial Intelligence,special,13 abr. 2026,yes,"Se gostas de saber como funciona o mundo que te rodeia, o teu corpo e as emoções do dia a dia, junta-te à equipa ""Descomplica""! Porque é que sentimos vergonha? Qual será a comida do futuro? Dormir bem é essencial ao ser humano, mas porquê? Afinal porque é que os oceanos são tão importantes para o nosso planeta? Que animais os habitam e o que escondem nas profundezas? E os micróbios, estão mesmo po…","If you like finding out how the world around you works, and how your body and your everyday emotions work, join the ""Descomplica"" team! Why do we feel embarrassed? What will the food of the future be? Sleeping well is essential for human beings, but why? And why exactly are the oceans so important for our planet? Which animals live in them and what do they hide in the depths? And microbes, are they really…",https://www.rtp.pt/play/p15529/e921790/descomplica
Kids & animation,Tiddler,Tiddler,special,29 mar. 2026,no,"Um peixinho com uma grande imaginação perde-se no vasto oceano, até ser salvo pela sua grande capacidade de contar histórias Filme de animação infantil, baseado no livro infantil de Julia Donaldson e Axel Scheffler, que acompanha as aventuras de um peixinho com uma grande imaginação que entretém os amigos com histórias fantásticas. Um dia, Tiddler perde-se na vastidão do oceano, mas é salvo pela s…","A little fish with a big imagination gets lost in the vast ocean, until he is saved by his great gift for telling stories A children's animated film, based on the children's book by Julia Donaldson and Axel Scheffler, following the adventures of a little fish with a big imagination who entertains his friends with fantastic stories. One day, Tiddler gets lost in the vastness of the ocean, but he is saved by his…",https://www.rtp.pt/play/p15998/e918566/tiddler
Kids & animation,D´Artacão e os Três Moscãoteiros,Dogtanian and the Three Muskehounds,special,28 mar. 2026,no,"As aventuras de D´Artacão, um jovem espadachim que entrou para a guarda real pelo seu valor, astúcia, coragem e, sobretudo, com um incrível manejo da espada O jovem espadachim D´Artacão sonha em juntar-se aos lendários Moscãoteiros e servir Sua Majestade. Depois de provar a sua habilidade e ganhar confiança, ele e os Moscãoteiros lutam contra o malvado Cardeal Richelião para defender o rei e imped…","The adventures of D'Artacão, a young swordsman who joined the royal guard thanks to his valour, cunning, courage and, above all, his incredible skill with a sword The young swordsman D'Artacão dreams of joining the legendary Muskehounds and serving His Majesty. After proving his skill and earning their trust, he and the Muskehounds fight against the wicked Cardinal Richelieu to defend the king and preven…",https://www.rtp.pt/play/p16055/e918425/dartacao-e-os-tres-moscaoteiros
Kids & animation,"Sim, Eu Consigo: Gonçalo, Missão Kickflip","Yes, I Can: Gonçalo, Mission Kickflip",special,01 mar. 2026,yes,"""Missão: Kickflip"" é o documentário que nos faz subir a adrenalina e contagia com boa disposição ""Missão: Kickflip"" é o título do documentário que apresenta o Gonçalo, um incrível skater de 11 anos. O skate é a sua maior paixão, mas quando o conhecemos melhor descobrimos uma criança sorridente e generosa que, acima de tudo, quer ajudar os amigos e colegas a progredirem e alcançarem os seus sonhos…","""Mission: Kickflip"" is the documentary that gets our adrenaline going and is contagiously good-humoured ""Mission: Kickflip"" is the title of the documentary that introduces Gonçalo, an amazing 11-year-old skater. Skateboarding is his greatest passion, but when we get to know him better we discover a smiling, generous child who, above all, wants to help his friends and classmates make progress and achieve their dreams…",https://www.rtp.pt/play/p15997/e912153/sim-eu-consigo
Kids & animation,Tabby Mctat,Tabby McTat,special,25 dez. 2025,no,"Baseado no livro infantil escrito por Julia Donaldson e ilustrado por Axel Scheffler No coração pulsante de Londres, Tabby McTat, um gato cantor, e o seu amigo músico de rua Fred divertem o público que passa, e a dupla é ""perfeitamente feliz"". Um dia, enquanto Tabby McTat passeia, encontra uma gata chamada Sock. O destino reserva-lhe uma surpresa quando um ladrão rouba o dinheiro dos músicos de ru…","Based on the children's book written by Julia Donaldson and illustrated by Axel Scheffler In the beating heart of London, Tabby McTat, a singing cat, and his busker friend Fred entertain the passers-by, and the pair are ""perfectly happy"". One day, while Tabby McTat is out for a walk, he meets a cat called Sock. Fate has a surprise in store for him when a thief steals the buskers' money…",https://www.rtp.pt/play/p16005/e898330/tabby-mctat
Kids & animation,"Sim, Eu Consigo","Yes, I Can",11,16 dez. 2025,no,Crianças e jovens de diversos países narram a sua vida e dizem quais são os seus sonhos…,Children and young people from various countries tell the story of their lives and say what their dreams are…,https://www.rtp.pt/play/p15582/e896171/sim-eu-consigo
Kids & animation,À Boleia da Ciência - Uma dose de Sarampo,Riding Along with Science - A Dose of Measles,special,16 fev. 2025,yes,"As aventuras pelos mistérios da Ciência de uma família de cientistas na sua carrinha muito especial. Não podes perder esta boleia! Nesta série de animação, seguimos uma família de cientistas e sua carrinha especial, nas suas aventuras pelos mistérios da Ciência: das maravilhas do universo aos enigmas microscópicos, nada é impossível para a curiosidade dos nossos personagens. Vamos mergulhar nas pr…","The adventures of a family of scientists through the mysteries of Science in their very special van. You can't miss this ride! In this animated series, we follow a family of scientists and their special van on their adventures through the mysteries of Science: from the wonders of the universe to microscopic puzzles, nothing is impossible for our characters' curiosity. Let's dive into the fir…",https://www.rtp.pt/play/p13858/e860354/a-boleia-da-ciencia
Kids & animation,"Sim, Eu Consigo - Kika toca Jazz","Yes, I Can - Kika Plays Jazz",special,14 dez. 2024,no,"Crianças e jovens de diversos países narram a sua vida e dizem quais são os seus sonhos Conjunto de documentários de vários países em que crianças e jovens narram a sua vida e se propõem a cumprir um desafio. Ao longo de cada documentário ficamos a saber onde vivem, como é a sua família e quais são os seus sonhos.","Children and young people from various countries tell the story of their lives and say what their dreams are A collection of documentaries from several countries in which children and young people tell the story of their lives and set out to complete a challenge. Over the course of each documentary we find out where they live, what their family is like and what their dreams are.",https://www.rtp.pt/play/p13878/e816145/sim-eu-consigo
Kids & animation,A Filha do Grufalão,The Gruffalo's Child,special,31 out. 2024,no,"Filme de animação baseado no famoso livro infantil de Julia Donaldson Quando a filha do Grufalão se sente corajosa, ela ignora os avisos do pai e sai na ponta dos pés pela neve e pela floresta, à procura do Grande Rato Mau. Será que realmente existe ou será uma história inventada pelo seu pai?","An animated film based on the famous children's book by Julia Donaldson When the Gruffalo's daughter is feeling brave, she ignores her father's warnings and tiptoes out into the snow and the forest, looking for the Big Bad Mouse. Does he really exist, or is he a story made up by her father?",https://www.rtp.pt/play/p5728/e805273/filha-do-grufalao
Kids & animation,No Mundo dos Animais - Coati,In the World of Animals - Coati,special,19 out. 2024,yes,"Vais viver grandes aventuras e fazer novos amigos no mundo dos animais. Qual é o teu animal preferido? ""No Mundo dos Animais"" é um programa sobre os animais e o seu universo. Cada episódio é dedicado a um animal diferente, numa viagem ao seu mundo para os conhecemos melhor. Vamos descobrir onde vivem, quais as suas características, como se organizam, o que comem, como se reproduzem, como contribue…","You are going to have great adventures and make new friends in the world of animals. What is your favourite animal? ""In the World of Animals"" is a programme about animals and their world. Each episode is devoted to a different animal, on a journey into its world so that we can get to know it better. We are going to find out where they live, what their characteristics are, how they organise themselves, what they eat, how they reproduce, how they contribu…",https://www.rtp.pt/play/p12614/e802494/no-mundo-dos-animais
Kids & animation,"25 Curiosidades, 25 de Abril - O dia da revolução","25 Curiosities, 25th of April - The Day of the Revolution",special,22 abr. 2024,yes,"25 episódios, 25 curiosidades acerca de como era viver em Portugal antes da revolução do 25 de abril e como a liberdade mudou as nossas vidas Em cada um dos episódios descobrimos uma curiosidade acerca de como era viver em Portugal antes da revolução do 25 de abril e como a liberdade mudou as nossas vidas, as dos adultos, mas também e principalmente, a das crianças. Venham connosco viajar aos zigu…","25 episodes, 25 curious facts about what life in Portugal was like before the revolution of 25 April and how freedom changed our lives In each episode we discover a curious fact about what life in Portugal was like before the revolution of 25 April and how freedom changed our lives, the lives of adults, but also and above all the lives of children. Come with us on a journey to the zigza…",https://www.rtp.pt/play/p13166/e763017/25-curiosidades-25-de-abril
Kids & animation,Os Smeds e Os Smoos,The Smeds and the Smoos,special,31 mar. 2024,no,"Filme de animação baseado no livro infantil de Julia Donaldson e Axel Scheffler Num planeta distante, duas famílias evitam encontrar-se. Os Smeds, que são vermelhos, nunca se misturam com os Smoos, que são azuis. Quando, num encontro casual, a jovem Janet, uma Smed, se torna amiga de Bill, um jovem Smoo, as suas famílias tentam imediatamente impedir a amizade. Mas Janet e Bill sentem falta um do o…","An animated film based on the children's book by Julia Donaldson and Axel Scheffler On a distant planet, two families avoid meeting each other. The Smeds, who are red, never mix with the Smoos, who are blue. When, in a chance encounter, young Janet, a Smed, becomes friends with Bill, a young Smoo, their families immediately try to put a stop to the friendship. But Janet and Bill miss each ot…",https://www.rtp.pt/play/p12593/e758541/os-smeds-e-os-smoos
Kids & animation,"Sim, Eu Consigo: Game Over","Yes, I Can: Game Over",special,31 mar. 2024,yes,"Documentário sobre Simão, um rapaz que se propõe a criar uma banda desenhada Simão é um rapaz que se propõe a usar a imaginação e criar uma banda desenhada original chamada Game Over.","A documentary about Simão, a boy who sets out to create a comic book Simão is a boy who sets out to use his imagination and create an original comic book called Game Over.",https://www.rtp.pt/play/p12597/e826131/sim-eu-consigo-game-over
Kids & animation,"Sim, Eu Consigo - Hanka, A Falcoeira","Yes, I Can - Hanka, the Falconer",special,26 nov. 2023,no,"Hend é uma menina de onze anos originária do Iêmen. Ela mudou-se recentemente para Dublin depois de viver num abrigo para refugiados em Ballyhaunis, na Irlanda, durante quatro anos. Hend quer escrever e representar um poema para os seus novos amigos da escola para contar a sua história, formação e cultura e superar o medo de se apresentar à frente de uma multidão. MAIS INFO…","Hend is an eleven-year-old girl originally from Yemen. She recently moved to Dublin after living in a refugee shelter in Ballyhaunis, Ireland, for four years. Hend wants to write and perform a poem for her new friends at school in order to tell them her story, her background and her culture, and to overcome her fear of performing in front of a crowd. MORE INFO…",https://www.rtp.pt/play/p12840/e742421/sim-eu-consigo
Kids & animation,No Mundo dos Animais - Leão,In the World of Animals - Lion,special,09 set. 2023,yes,"Vais viver grandes aventuras e fazer novos amigos no mundo dos animais. Qual é o teu animal preferido? ""No Mundo dos Animais"" é um programa sobre os animais e o seu universo. Cada episódio é dedicado a um animal diferente, numa viagem ao seu mundo para os conhecemos melhor. Vamos descobrir onde vivem, quais as suas características, como se organizam, o que comem, como se reproduzem, como contribue…","You are going to have great adventures and make new friends in the world of animals. What is your favourite animal? ""In the World of Animals"" is a programme about animals and their world. Each episode is devoted to a different animal, on a journey into its world so that we can get to know it better. We are going to find out where they live, what their characteristics are, how they organise themselves, what they eat, how they reproduce, how they contribu…",https://www.rtp.pt/play/p11878/e714416/no-mundo-dos-animais
Kids & animation,"Sim, Eu Consigo: Ana Beatriz, Uma Caminhada Especial","Yes, I Can: Ana Beatriz, A Special Walk",special,05 fev. 2023,yes,"Ana Beatriz é escuteira, pratica voleibol na escola e é uma menina muito preocupada com o meio ambiente, mas... há ainda outra coisa que descobriu recentemente que adora fazer: correr e quer fazê-lo por uma boa causa! Ana Beatriz tem 10 anos e vive em Famalicão, no norte do país. É escuteira, pratica voleibol na escola e é uma menina muito preocupada com o meio ambiente, mas... há ainda outra cois…","Ana Beatriz is a scout, she plays volleyball at school and she is a girl who cares a lot about the environment, but... there is one more thing she has recently discovered that she loves doing: running, and she wants to do it for a good cause! Ana Beatriz is 10 years old and lives in Famalicão, in the north of the country. She is a scout, she plays volleyball at school and she is a girl who cares a lot about the environment, but... there is one more thin…",https://www.rtp.pt/play/p7863/e826230/ana-beatriz-caminhada-especial
Kids & animation,O Panda e o Galo,The Panda and the Rooster,special,07 set. 2022,yes,"Um panda e um galo de Barcelos vivem grandes aventuras e vão ter muitas histórias para contar! Uma amizade improvável acontece: um panda e um galo de Barcelos são os melhores amigos. Que histórias irão o Panda, os seus amigos do bosque e o seu novo amigo português contar?","A panda and a Barcelos rooster have great adventures and will have plenty of stories to tell! An unlikely friendship comes about: a panda and a Barcelos rooster are best friends. What stories will the Panda, his friends from the woods and his new Portuguese friend tell?",https://www.rtp.pt/play/p10483/e749115/panda-e-o-galo
Kids & animation,"Sim, Eu Consigo: Míriam, A Onda Perfeita","Yes, I Can: Míriam, The Perfect Wave",special,23 ago. 2022,yes,"Miriam tem como objetivo ultrapassar um desafio: descobrir a sua onda! Miriam adora surfar e vai à procura da onda perfeita. Numa viagem pela costa vicentina, onde nunca antes surfou, conta com o apoio dos pais nesta aventura pela descoberta da sua onda.De praia em praia e de onda em onda, para evoluir, treinar mas também para conhecer novos spots e fazer novos amigos.","Miriam has set herself a challenge to overcome: finding her wave! Miriam loves surfing and goes off in search of the perfect wave. On a trip along the Vicentine coast, where she has never surfed before, she has her parents' support in this adventure to find her wave. From beach to beach and from wave to wave, to improve and to train, but also to get to know new spots and make new friends.",https://www.rtp.pt/play/p9591/e828033/sim-eu-consigo-miriam-a-onda-perfeita
Kids & animation,"Sim, Eu Consigo - Luka - O Guerreiro do Arco-Íris","Yes, I Can - Luka - The Rainbow Warrior",special,13 dez. 2021,no,"Crianças e jovens de diversos países narram a sua vida e dizem quais são os seus sonhos Conjunto de documentários de vários países em que crianças e jovens narram a sua vida e se propõem a cumprir um desafio. Ao longo de cada documentário ficamos a saber onde vivem, como é a sua família e quais são os seus sonhos. Nesta edição, participam 7 países: Portugal, Croácia, Irlanda, Eslovénia, Japão, Esc…","Children and young people from various countries tell the story of their lives and say what their dreams are A collection of documentaries from several countries in which children and young people tell the story of their lives and set out to complete a challenge. Over the course of each documentary we find out where they live, what their family is like and what their dreams are. In this edition, 7 countries take part: Portugal, Croatia, Ireland, Slovenia, Japan, Sco…",https://www.rtp.pt/play/p9569/e585453/sim-eu-consigo
Kids & animation,Hora do Conto,Story Time,1,22 abr. 2021,yes,Os contos tradicionais de Portugal e do Mundo narrados pela Filó e pelo Gabi!,"Traditional tales from Portugal and from around the world, told by Filó and Gabi!",https://www.rtp.pt/play/p7111/e539025/hora-do-conto
Kids & animation,No Tempo em Que Víamos as Cidades Pela Janela,Back When We Saw Cities Through the Window,1,15 mar. 2021,yes,"Hoje tenho 10 anos. Como olharei para estes dias quando tiver 30? Por estes dias, em 2020, vivemos tempos singulares. As ruas de todo o Mundo fecharam-se em si mesmas e empurraram-nos para dentro das casas. Os abraços, as corridas, os rasgões nas calças e os jogos de futebol à chuva, ficam agora suspensos. Descobrimos novos recantos entre quatro paredes, dotes culinários que não imaginávamos ter…","Today I am 10 years old. How will I look back on these days when I am 30? These days, in 2020, we are living through singular times. The streets all over the world have closed in on themselves and pushed us inside our homes. Hugs, running around, torn trousers and football games in the rain are all on hold now. We have discovered new corners within our four walls, and cooking talents we never imagined we had…",https://www.rtp.pt/play/p8580/e530809/no-tempo-em-que-viamos-as-cidades-pela-janela
Kids & animation,Magazine Zig Zag Especial Natal,Zig Zag Magazine Christmas Special,special,25 dez. 2020,yes,"Um conto de Natal à moda do Zig Zag! Os moradores da Casa Zig Zag gostaram tanto do conto de Natal escrito por Charles Dickens, que resolveram fazer uma versão dessa história, em que cada um participa. Não prometem que seja melhor do que o original, mas de certeza será divertido!","A Christmas tale, Zig Zag style! The residents of the Zig Zag House liked the Christmas story written by Charles Dickens so much that they decided to make their own version of it, with everyone taking part. They don't promise it will be better than the original, but it will definitely be fun!",https://www.rtp.pt/play/p8142/e514279/magazine-zig-zag-especial-natal
Kids & animation,"Sim, Eu Consigo: Tiago, Mãos Que Falam","Yes, I Can: Tiago, Hands That Speak",special,23 dez. 2020,yes,"Vem conhecer o Clube de Língua Gestual do Tiago! Tiago nasceu surdo. Consegue com facilidade comunicar com a sua família que fala língua gestual, mas no mundo exterior, Tiago sente-se isolado. Sabe que muitos outros surdos sentem-se assim, por isso o Tiago não aceita mais este sentimento e desenvolveu um plano: ensinar língua gestual portuguesa a outras crianças ouvintes ao vivo e online. É assim…","Come and meet Tiago's Sign Language Club! Tiago was born deaf. He can easily communicate with his family, who use sign language, but out in the wider world Tiago feels isolated. He knows that many other deaf people feel this way, so Tiago refuses to accept this feeling any longer and has come up with a plan: to teach Portuguese sign language to other hearing children, live and online. That is how…",https://www.rtp.pt/play/p8144/e827160/sim-eu-consigo-clube-de-lingua-gestual-do-tiago
Kids & animation,"Sim, Eu Consigo: Rafael, O Observador de Pássaros","Yes, I Can: Rafael, the Birdwatcher",special,25 out. 2020,yes,"Rafael é um menino de 11 anos, vive em Campo Maior e tem um sonho: ir à Suécia fazer o que mais gosta: observar pássaros.Um documentário sobre crianças feito por crianças, no âmbito da Eurovisão.","Rafael is an 11-year-old boy, he lives in Campo Maior and he has a dream: to go to Sweden to do what he loves most: watching birds. A documentary about children made by children, as part of the Eurovision project.",https://www.rtp.pt/play/p7864/e826804/rafael-o-observador-de-passaros
Kids & animation,Isto não é um Chapéu,This Is Not a Hat,special,24 out. 2020,yes,"Foxy e Meg vão viver uma grande aventura! Esta é a história da raposa Foxy, uma profissional eficiente na arte de roubar galinhas, que certo dia é coagida a assaltar o Palácio de L´Éclair e rapinar a coroa de Abat-Jour. No processo do assalto Foxy conhece Meg, uma jovem galinha azul e vegetariana que leva a raposa a mudar de vida.","Foxy and Meg are going to have a great adventure! This is the story of Foxy the fox, an efficient professional in the art of stealing chickens, who one day is forced to break into the Palace of L'Éclair and snatch the crown of Abat-Jour. During the robbery Foxy meets Meg, a young blue, vegetarian hen who leads the fox to change her life.",https://www.rtp.pt/play/p6817/e501459/isto-nao-e-um-chapeu
Kids & animation,"Sim, Eu Consigo - Jaka - O Motocross e Eu","Yes, I Can - Jaka - Motocross and Me",special,17 out. 2020,no,"Crianças de diversos países narram a sua vida e dizem quais são os seus sonhos Conjunto de documentários de vários países em que crianças que têm entre 8 e 12 anos narram a sua vida e se propõem a cumprir um desafio. Ao longo de cada documentário ficamos a saber onde vivem, como é a sua família e quais são os seus sonhos.","Children from various countries tell the story of their lives and say what their dreams are A collection of documentaries from several countries in which children between the ages of 8 and 12 tell the story of their lives and set out to complete a challenge. Over the course of each documentary we find out where they live, what their family is like and what their dreams are.",https://www.rtp.pt/play/p7657/e662854/sim-eu-consigo-3
Kids & animation,Conta um Conto - A Víuva e o Papagaio,Tell a Tale - The Widow and the Parrot,special,04 jun. 2020,yes,"Um presente de Natal recheado de contos cheios de magia, bondade e gentileza Este Natal vem recheado com 10 contos para embalar sonhos cheios de magia, bondade e gentileza. São contos escritos por autores portugueses e estrangeiros e serão narrados em Português e em Língua Gestual Portuguesa.","A Christmas present packed with tales full of magic, kindness and gentleness This Christmas comes packed with 10 tales to cradle dreams full of magic, kindness and gentleness. They are tales written by Portuguese and foreign authors and they will be told in Portuguese and in Portuguese Sign Language.",https://www.rtp.pt/play/p6533/e476317/conta-um-conto
Kids & animation,Ziguipédia Monumentos,Ziguipedia Monuments,special,06 mai. 2020,yes,"Este é um concurso apresentado pelos fantásticos, maravilhosos... bem... acho que estamos a exagerar, é melhor parar por aqui... Recomeçando, a Filó e o Gabi farão perguntas sobre monumentos conhecidos à Banda Zig Zag, à Zig, ao Zag e ao Zzz. Vamos ver como é que eles se saem...","This is a quiz show presented by the fantastic, marvellous... well... I think we are overdoing it, we had better stop there... Starting again, Filó and Gabi will ask the Zig Zag Band, Zig, Zag and Zzz questions about well-known monuments. Let's see how they get on...",https://www.rtp.pt/play/p7219/e470831/ziguipedia-monumentos
Kids & animation,A Vassoura Voadora,Room on the Broom,special,11 abr. 2020,no,"Filme de animação baseado no maravilhoso livro infantil escrito por Julia Donaldson e ilustrado por Axel Scheffler, um conto mágico sobre a amizade e a família A história de uma bondosa bruxa que convida um surpreendente grupo de animais para se juntar a ela na sua vassoura, o que causa grande frustração ao seu gato. O grupo acaba por salvar a bruxa de um terrível dragão e, como forma de agradecim…","An animated film based on the wonderful children's book written by Julia Donaldson and illustrated by Axel Scheffler, a magical tale about friendship and family The story of a kind-hearted witch who invites a surprising group of animals to join her on her broomstick, much to her cat's great frustration. The group ends up saving the witch from a terrible dragon and, as a way of thanking th…",https://www.rtp.pt/play/p5701/e466492/vassoura-voadora
Kids & animation,O Grufalão,The Gruffalo,special,11 abr. 2020,no,"Um filme de animação baseado no clássico livro ilustrado de Julia Donaldson sobre um corajoso e inteligente ratinho Um filme de animação baseado no clássico livro ilustrado escrito por Julia Donaldson. Um conto mágico sobre um ratinho que ao passear na floresta em busca de nozes, encontra três predadores que desejam comê-lo: uma raposa, uma coruja e uma cobra. Para sobreviver, o corajoso ratinho u…","An animated film based on the classic picture book by Julia Donaldson about a brave and clever little mouse An animated film based on the classic picture book written by Julia Donaldson. A magical tale about a little mouse who, while walking through the forest in search of nuts, meets three predators who want to eat him: a fox, an owl and a snake. To survive, the brave little mouse u…",https://www.rtp.pt/play/p5707/e466493/grufalao
Kids & animation,"Sim, Eu Consigo: A Onda da Maria","Yes, I Can: Maria's Wave",special,28 dez. 2019,yes,"Maria tem doze anos e é uma adolescente ambientalmente consciente Maria tem doze anos, vive no Faial e adora o mar. O plástico nos oceanos é algo que a incomoda profundamente e por isso decide criar algo que alerte as pessoas para a escala deste problema: uma escultura, com o plástico recolhido nas praias da sua ilha. MAIS INFO…","Maria is twelve years old and an environmentally aware teenager Maria is twelve years old, lives on Faial and loves the sea. Plastic in the oceans is something that deeply troubles her, and so she decides to create something that will alert people to the scale of this problem: a sculpture, made with plastic collected from the beaches of her island. MORE INFO…",https://www.rtp.pt/play/p6743/e826136/sim-eu-consigo
Kids & animation,"Sim, Eu Consigo - Jonas (Suíça)","Yes, I Can - Jonas (Switzerland)",special,16 set. 2018,no,"Hannah tem dez anos, vive nos subúrbios de Colónia e adora jogar xadrez, assim como toda a sua família. Este ano, classificou-se para o Campeonato Alemão, pela primeira vez. Não é uma das favoritas, mas trabalha arduamente para ser tão boa quanto possível. Quer ficar no top 7 - uma meta ambiciosa, mas possível. O seu avô é a sua maior inspiração. Foi campeão de xadrez na Rússia quando era jovem e…","Hannah is ten years old, lives in the suburbs of Cologne and loves playing chess, as does her whole family. This year, she qualified for the German Championship for the first time. She is not one of the favourites, but she is working hard to be as good as she possibly can. She wants to finish in the top 7 — an ambitious goal, but a possible one. Her grandfather is her greatest inspiration. He was a chess champion in Russia when he was young and…",https://www.rtp.pt/play/p8412/e662876/sim-eu-consigo
Language & literature,A Pequena Biblioteca,The Little Library,12+,17 abr. 2026,no,Porque os livros não se medem aos palmos. Nem às palmas.,Because books are not measured by the handspan. Nor by applause.,https://www.rtp.pt/play/p14843/e923261/a-pequena-biblioteca
Language & literature,Afinal Eles Leem - Concurso Nacional de Leitura 2022,They Do Read After All - National Reading Competition 2022,2,08 abr. 2025,yes,"A 15.ª Edição do Concurso Nacional de Leitura decorreu entre o dia 8 de outubro de 2021, data oficial de abertura, e o dia 4 de jun…","The 15th edition of the National Reading Competition ran from 8 October 2021, the official opening date, to 4 Ju…",https://www.rtp.pt/play/p12890/e841819/afinal-eles-leem-concurso-nacional-de-leitura-2022
Language & literature,Plano Nacional de Leitura 2018,National Reading Plan 2018,3,13 jul. 2022,yes,"A 13.ª Edição do Concurso Nacional de Leitura decorreu entre o dia 3 de outubro de 2018, data oficial de abertura, e o dia 25 de ma…","The 13th edition of the National Reading Competition ran from 3 October 2018, the official opening date, to 25 Ma…",https://www.rtp.pt/play/p6157/e629194/plano-nacional-de-leitura
Language & literature,Cuidado com a Língua!,Mind Your Language!,12+,05 mai. 2020,yes,"""Cuidado com a Língua!"", onde se pode aprender português de forma divertida…","""Mind Your Language!"", where you can learn Portuguese in a fun way…",https://www.rtp.pt/play/p3991/e470570/cuidado-com-a-lingua
Language & literature,Literatura Aqui,Literature Here,12+,08 jan. 2019,yes,"Esta semana, propomos uma viagem pelos Cantares dos Trovadores na Literatura...","This week, we propose a journey through the Songs of the Troubadours in Literature...",https://www.rtp.pt/play/p4370/e383225/literatura-aqui
Language & literature,Literatura Agora,Literature Now,12+,09 jun. 2015,yes,Um programa sobre literatura apresentado por Pedro Lamares…,A programme about literature presented by Pedro Lamares…,https://www.rtp.pt/play/p1747/e197849/literatura-agora
Language & literature,Contentor 13,Container 13,12+,16 abr. 2015,yes,Contentor 13 é uma série de 13 episódios que revela a vida e obra de 13 escritores.No início do programa o autor fala sobr…,Contentor 13 is a series of 13 episodes revealing the life and work of 13 writers. At the start of the programme the author talks abou…,https://www.rtp.pt/play/p1688/e191855/contentor-13
Magazines & reportage,Ouvir Quem Vê Num Minuto,Listening to the Viewers in One Minute,12+,05 set. 2026,yes,A opinião dos telespetadores conta…,The opinion of viewers counts…,https://www.rtp.pt/play/p16483/e951923/grande-debate
Magazines & reportage,Ouvir Quem Vê,Listening to the Viewers,5,29 ago. 2026,yes,A opinião dos telespetadores conta…,The opinion of viewers counts…,https://www.rtp.pt/play/p16608/e950703/ouvir-quem-ve
Magazines & reportage,Outras Histórias,Other Stories,12+,30 jul. 2026,yes,"Sementes de Sustentabilidade, A Música das Ilhas, As Memórias de Hilário…","Seeds of Sustainability, The Music of the Islands, Hilário's Memories…",https://www.rtp.pt/play/p16303/e945726/outras-historias
Magazines & reportage,Primeira Pessoa,First Person,12+,29 jul. 2026,yes,Abordagens distintas e plurais de diferentes figuras da nossa sociedade com Fátima Campos Ferreira…,"Distinct and varied perspectives from different figures in our society, with Fátima Campos Ferreira…",https://www.rtp.pt/play/p16274/e945556/primeira-pessoa
Magazines & reportage,Dicas.ANACOM,ANACOM Tips,12+,24 jul. 2026,no,"Conta Segura nas Redes Sociais - Pretende-se, de forma simples e acessível, disponibilizar informações úteis para capacitar a população e apoiar","A Safe Account on Social Media - The aim is to provide, in a simple and accessible way, useful information to empower people and support…",https://www.rtp.pt/play/p16245/e944675/dicasanacom
Magazines & reportage,Linha da Frente,Front Line,12+,23 jul. 2026,yes,A grande reportagem que retrata todas as realidades!,The in-depth report that portrays every reality!,https://www.rtp.pt/play/p16136/e944378/linha-da-frente
Magazines & reportage,Faça Chuva Faça Sol,Come Rain or Shine,12+,05 jul. 2026,yes,10 temporada do programa que nos abre horizontes para uma nova visão do mundo rural e da economia de futuro…,The 10th season of the programme that opens up our horizons to a new view of rural life and the economy of the future…,https://www.rtp.pt/play/p16210/e940632/faca-chuva-faca-sol
Magazines & reportage,Temos Programa,We've Got a Programme,12+,28 dez. 2025,yes,Uma viagem pela programação da RTP2 conduzida por Manuela Silva Reis…,"A journey through RTP2's programming, hosted by Manuela Silva Reis…",https://www.rtp.pt/play/p14371/e898756/temos-programa
Magazines & reportage,"Angola, Meio Século de Vida","Angola, Half a Century of Life",1,15 nov. 2025,yes,100 Anos da Associação Protectora dos Diabéticos de Portugal - Insulina para Todos…,100 Years of the Portuguese Diabetics' Protective Association - Insulin for All…,https://www.rtp.pt/play/p15846/e889610/angola-meio-seculo-de-vida
Magazines & reportage,Voz do Cidadão,The Citizen's Voice,12+,25 out. 2025,yes,O Provedor Jaime Fernandes dá voz a quem vê televisão!,The Ombudsman Jaime Fernandes gives a voice to television viewers!,https://www.rtp.pt/play/p14354/e884692/voz-do-cidadao
Magazines & reportage,What´s Up  - Olhar a Moda,What's Up - Looking at Fashion,12+,22 ago. 2025,yes,"What´s Up - Olhar a Moda, um magazine quinzenal sobre a moda, calçado e lifestyle em Portugal…","What's Up - Olhar a Moda, a fortnightly magazine show about fashion, footwear and lifestyle in Portugal…",https://www.rtp.pt/play/p5429/e871217/whats-up-olhar-a-moda
Magazines & reportage,Verdade do Vinho,The Truth About Wine,12+,15 ago. 2025,yes,Um programa que vai contar as ?estórias? e historias por detrás da produção de vinho em Portugal.,"A programme that will tell the ""tales"" and the histories behind wine production in Portugal.",https://www.rtp.pt/play/p11588/e870365/verdade-do-vinho
Magazines & reportage,Investigação Europa,Investigation Europe,4,28 mai. 2025,yes,"Investigação Europa, uma série de documentários produzidos pela Investigate Europe para a RTP. Cada episódio trata…","Investigação Europa, a series of documentaries produced by Investigate Europe for RTP. Each episode deals with…",https://www.rtp.pt/play/p12532/e853502/investigacao-europa
Magazines & reportage,O Outro Lado de Patrick - Making of,The Other Side of Patrick - Making Of,2,17 abr. 2025,yes,Making of do documentário da autoria de Rui Pedro Tendinha.,The making of the documentary by Rui Pedro Tendinha.,https://www.rtp.pt/play/p13876/e844048/o-outro-lado-de-patrick-making-of
Magazines & reportage,A Essência,The Essence,12+,15 mar. 2025,yes,O vinho português e o seu mercado…,Portuguese wine and its market…,https://www.rtp.pt/play/p13014/e836490/a-essencia
Magazines & reportage,ABC Direito Europa,ABC of European Law,12+,25 ago. 2024,yes,"Na 3ª temporada, o ""ABC Direito"" tem como objetivo informar os cidadãos sobre os seus direitos e responsabilidades ao abrigo da legislação europeia…","In its 3rd season, ""ABC Direito"" aims to inform citizens about their rights and responsibilities under European legislation…",https://www.rtp.pt/play/p12777/e790695/abc-direito-europa
Magazines & reportage,Termas no Centro de Si,Spas at the Centre of Yourself,2,21 jul. 2024,yes,A sua saúde e bem-estar passam pelas termas. Deslumbre-se com o poder revigorante da água mineral natural e embarque numa viagem de quat…,Your health and well-being run through the spas. Marvel at the invigorating power of natural mineral water and set off on a journey of fou…,https://www.rtp.pt/play/p1700/e784669/termas-no-centro-de-si
Magazines & reportage,Seara Vermelha - A Ceifeira de Baleizão,Red Harvest - The Reaper of Baleizão,1,17 mai. 2024,yes,Um documentário de José Manuel Portugal sobre Catarina Eufémia…,A documentary by José Manuel Portugal about Catarina Eufémia…,https://www.rtp.pt/play/p13401/e770189/seara-vermelha-a-ceifeira-de-baleizao
Magazines & reportage,Uma Primavera Portuguesa,A Portuguese Spring,1,10 mai. 2024,yes,Documentário com imagens inéditas da televisão leste-alemã em 1974…,A documentary with previously unseen footage from East German television in 1974…,https://www.rtp.pt/play/p13427/e768928/uma-primavera-portuguesa
Magazines & reportage,Longe de Cabul,Far from Kabul,1,20 dez. 2023,yes,A história de jovens músicos afegãos exilados em Portugal…,The story of young Afghan musicians exiled in Portugal…,https://www.rtp.pt/play/p12583/e736439/longe-de-cabul
Magazines & reportage,Mythos,Mythos,12+,21 mai. 2023,yes,Série com autoria e apresentação de José Pedro Serra sobre os grandes mitos da tradição clássica…,A series written and presented by José Pedro Serra about the great myths of the classical tradition…,https://www.rtp.pt/play/p10954/e693331/mythos
Magazines & reportage,Parlamento Europeu - Ideias Feitas e Desfeitas,European Parliament - Myths Made and Busted,12+,01 mar. 2023,yes,O Parlamento Europeu desmistificado e explicado…,The European Parliament demystified and explained…,https://www.rtp.pt/play/p5703/e675511/parlamento-europeu-ideias-feitas-desfeitas
Magazines & reportage,Novo Mundo Digital,New Digital World,12+,25 dez. 2022,yes,O público de televisão e Internet num só canal…,The television and internet audience in a single channel…,https://www.rtp.pt/play/p6756/e661722/novo-mundo-digital
Magazines & reportage,Os Pastores do Deserto,The Desert Herders,1,07 set. 2021,yes,Conheça a história e os hábitos de um povo único do Namibe: os Mucubais.,Discover the history and the customs of a unique people of the Namibe: the Mucubal.,https://www.rtp.pt/play/p7417/e566274/os-pastores-do-deserto
Magazines & reportage,O Que Ficará dos Fundos Europeus,What Will Remain of the European Funds,2,15 jul. 2021,yes,Até ao final desta década vamos receber a maior vaga de fundos de sempre. Saberemos aplicá-las de forma a inverter a tendência de fraco crescimento?,By the end of this decade we will receive the largest wave of funding ever. Will we know how to use it in a way that reverses the trend of weak growth?,https://www.rtp.pt/play/p9063/e558213/o-que-ficara-dos-fundos-europeus
Magazines & reportage,Salvador - Podias Ser Tu,Salvador - It Could Be You,3,21 jun. 2021,yes,Série de 13 programas tratando a temática da deficiência.,A series of 13 programmes dealing with the subject of disability.,https://www.rtp.pt/play/p8961/e552643/salvador-podias-ser-tu
Magazines & reportage,Sem Fronteiras,Without Borders,12+,04 abr. 2021,yes,Galiza e Portugal nunca estiveram tão unidos…,Galicia and Portugal have never been so closely united…,https://www.rtp.pt/play/p8373/e535029/sem-fronteiras
Magazines & reportage,Um Dia Num Ano de Pandemia,A Day in a Year of Pandemic,1,16 mar. 2021,yes,A vida em confinamento durante um ano de pandemia…,Life in lockdown during a year of the pandemic…,https://www.rtp.pt/play/p8622/e531378/edicao-especial-um-dia-num-ano-de-pandemia
Magazines & reportage,Fernão de Magalhães 2020,Ferdinand Magellan 2020,3,15 mar. 2021,yes,Comemorações dos 500 anos da viagem de circum-navegação de Fernão de Magalhães…,Commemorations of the 500th anniversary of Ferdinand Magellan's circumnavigation voyage…,https://www.rtp.pt/play/p8508/e530825/fernao-de-magalhaes-2020
Magazines & reportage,Histórias de Mar,Stories of the Sea,12+,02 nov. 2020,yes,"Deixe-se guiar pela arte e conhecimento das comunidades piscatórias da Península de Setúbal, para conhecer a relação entre o Homem e o Mar.","Let yourself be guided by the skill and knowledge of the fishing communities of the Setúbal Peninsula, to learn about the relationship between Man and the Sea.",https://www.rtp.pt/play/p1803/e503134/historias-de-mar
Magazines & reportage,"Nós, Portugueses - Partir Para Não Chegar","We, the Portuguese - Leaving Without Arriving",2,09 out. 2020,yes,As desigualdades económicas e sociais de Portugal…,The economic and social inequalities of Portugal…,https://www.rtp.pt/play/p7777/e866686/nos-portugueses-partir-para-nao-chegar
Magazines & reportage,À Roda da Alimentação,All About Food,12+,21 dez. 2019,yes,"Todos juntos, vamos andar à Roda da Alimentação!","All together, let's go round the Food Wheel!",https://www.rtp.pt/play/p5446/e446527/a-roda-da-alimentacao
Magazines & reportage,Teorias da Conspiração,Conspiracy Theories,12+,24 mai. 2019,yes,"Podia ser verdade, mas é tudo ficção…","It could be true, but it is all fiction…",https://www.rtp.pt/play/p5421/e408765/teorias-da-conspiracao
Magazines & reportage,Ruas com História e Memória,Streets with History and Memory,12+,13 mai. 2019,no,"Ao longo de 13 episódios vamos descobrir a origem dos nomes, tipicidades e curiosidades das ruas, avenidas e becos de Portugal…","Over 13 episodes we are going to discover the origin of the names, the distinctive features and the curious facts about the streets, avenues and alleyways of Portugal…",https://www.rtp.pt/play/p5726/e406431/ruas-com-historia-memoria
Magazines & reportage,A Imagem de Abril,The Image of April,1,24 abr. 2019,yes,O 25 de abril pelo olhar do fotógrafo Alfredo Cunha…,The 25th of April through the eyes of the photographer Alfredo Cunha…,https://www.rtp.pt/play/p5740/e403368/a-imagem-de-abril
Magazines & reportage,Madeira Prima,Raw Wood,12+,09 mar. 2017,yes,Uma série documental sobre a arte de trabalhar a madeira…,A documentary series about the art of working with wood…,https://www.rtp.pt/play/p2786/e763417/madeira-prima
Music & concerts,Fernando Pereira & The New Age Band: Momentum - Do Vale até à Lua,Fernando Pereira & The New Age Band: Momentum - From the Valley to the Moon,special,09 set. 2026,yes,"Em palco, Fernando Pereira revisita 40 anos de carreira num espetáculo acompanhado por músicos, cantoras, bailarinas, VJs, a soprano polaca Patrycja","On stage, Fernando Pereira revisits 40 years of his career in a show accompanied by musicians, singers, dancers, VJs, the Polish soprano Patrycja…",https://www.rtp.pt/play/p16806/e952587/fernando-pereira-the-new-age-band-momentum-do-vale-ate-a-lua
Music & concerts,Sons de Vitória - Conquista das Independências,Sounds of Victory - Winning Independence,special,06 set. 2026,no,"Conquista das Independências - Após a independência de Angola, Cabo Verde, Guiné-Bissau, Moçambique e São Tomé e Príncipe, a música assumiu u","Winning Independence - After the independence of Angola, Cape Verde, Guinea-Bissau, Mozambique and São Tomé and Príncipe, music took on a…",https://www.rtp.pt/play/p15794/e952029/sons-de-vitoria
Music & concerts,Caixa Ribeira 2026 - Jorge Fernando e Fábia Rebordão,Caixa Ribeira 2026 - Jorge Fernando and Fábia Rebordão,special,03 set. 2026,yes,"Concerto de Jorge Fernando e Fábia Rebordão no Festival Caixa Ribeira, no Porto.",A concert by Jorge Fernando and Fábia Rebordão at the Caixa Ribeira Festival in Porto.,https://www.rtp.pt/play/p17101/e951534/caixa-ribeira-2026-jorge-fernando-e-fabia-rebordao
Music & concerts,Caixa Ribeira - Em Casa d´ Amália ao Vivo,Caixa Ribeira - At Amália's House Live,special,25 jul. 2026,yes,"José Gonçalez conduziu o ?Em Casa d?Amália? ao vivo, que contou com Paulo de Carvalho, Lenita Gentil, Anabela, Teresinha Landeiro, Rui Vaz e José ","José Gonçalez hosted 'Em Casa d'Amália' live, featuring Paulo de Carvalho, Lenita Gentil, Anabela, Teresinha Landeiro, Rui Vaz and José …",https://www.rtp.pt/play/p17002/e944988/caixa-ribeira-em-casa-d-amalia-ao-vivo
Music & concerts,D.A.M.A ao Vivo na Meo Arena,D.A.M.A Live at the MEO Arena,special,10 jul. 2026,yes,"Concerto dos D.A.M.A gravado na MEO Arena, a 14 de fevereiro de 2025.Um verdadeiro fenómeno da sua geração, os D.A.M.A destacam-se pelas suas canç","A concert by D.A.M.A recorded at the MEO Arena on 14 February 2025. A true phenomenon of their generation, D.A.M.A stand out for their song…",https://www.rtp.pt/play/p15078/e941718/dama-ao-vivo-na-meo-arena
Music & concerts,Em Casa d´ Amália  ao Vivo em Estremoz,At Amália's House Live in Estremoz,1,04 jul. 2026,yes,"O 'Em Casa d´Amália' reúne em Estremoz para uma tertúlia ao vivo. O anfitrião José Gonçalez, convidou Fernando Pereira, Gonçalo Salgueiro, Ana","'Em Casa d'Amália' gathers in Estremoz for a live get-together. The host, José Gonçalez, invited Fernando Pereira, Gonçalo Salgueiro, Ana…",https://www.rtp.pt/play/p16889/e940567/em-casa-d-amalia-ao-vivo-em-estremoz
Music & concerts,Seara - A Música Portuguesa em Evolução,Seara - Portuguese Music in Evolution,special,04 jun. 2026,yes,"Concerto ao abrigo do programa Clube Raiz da Braga 25 - Capital Portuguesa da Cultura, onde se juntaram em palco Amélia Muge, Daniel Pereira Cristo, ","A concert under the Clube Raiz programme of Braga 25 - Portuguese Capital of Culture, bringing together on stage Amélia Muge, Daniel Pereira Cristo, …",https://www.rtp.pt/play/p16115/e933934/seara-a-musica-portuguesa-em-evolucao
Music & concerts,Capitão Fausto - Um Ensaio para o Futuro,Capitão Fausto - A Rehearsal for the Future,special,16 jan. 2026,yes,"A banda lisboeta Capitão Fausto tem concerto marcado para a maior sala de espetáculos do país, com apoio da Antena 3. Depois de uma série de datas","The Lisbon band Capitão Fausto has a concert booked at the biggest venue in the country, with the support of Antena 3. After a series of dates…",https://www.rtp.pt/play/p16241/e902808/capitao-fausto-um-ensaio-para-o-futuro
Music & concerts,La Meccanica del Colore - Documentário,La Meccanica del Colore - Documentary,special,10 jan. 2026,yes,"Documentário com realização de Tiago Pereira sobre 'La Meccanica del Colore', ópera de câmara de Nuno Costa com libreto de Madalena dos Santos.","A documentary directed by Tiago Pereira about 'La Meccanica del Colore', a chamber opera by Nuno Costa with a libretto by Madalena dos Santos.",https://www.rtp.pt/play/p15322/e901487/la-meccanica-del-colore-documentario
Music & concerts,A Bela Adormecida - O Musical,Sleeping Beauty - The Musical,special,25 dez. 2025,yes,"Uma história de amor e coragem, uma lição que nos faz abrir as portas mágicas da fantasia numa mensagem de humanidade e dos eternos valores da vid","A story of love and courage, a lesson that opens the magical doors of fantasy with a message of humanity and the eternal values of li…",https://www.rtp.pt/play/p15986/e898364/a-bela-adormecida-o-musical
Music & concerts,Caixa Alfama - Em Casa d´Amália ao Vivo,Caixa Alfama - At Amália's House Live,special,07 nov. 2025,yes,"O Festival Caixa Alfama prestou homenagem a Maria da Fé, num especial 'Em Casa D´Amália ao Vivo', que contou com a presença da própria fadista e ","The Caixa Alfama Festival paid tribute to Maria da Fé in a special 'Em Casa d'Amália ao Vivo', attended by the fado singer herself and …",https://www.rtp.pt/play/p15628/e887999/caixa-alfama-em-casa-damalia-ao-vivo
Music & concerts,Festival F - Concerto Tiago Nacarato & Orquestra Bamba Social,Festival F - Tiago Nacarato & Orquestra Bamba Social in Concert,special,13 out. 2025,yes,"O Último Grande Festival de Verão aconteceu nos dias 4, 5, 6 e 7 de setembro de 2025 no centro histórico de Faro.Tiago Nacarato & Orquestra Bamba S","The Last Great Summer Festival took place on 4, 5, 6 and 7 September 2025 in the historic centre of Faro. Tiago Nacarato & Orquestra Bamba S…",https://www.rtp.pt/play/p15719/e881704/festival-f-concerto-tiago-nacarato-orquestra-bamba-social
Music & concerts,Pedro Abrunhosa - Viagens 3.0,Pedro Abrunhosa - Journeys 3.0,special,25 set. 2025,yes,"Pedro Abrunhosa apresentou 'Viagens 3.0' na Super Bock Arena, no Porto, celebrando os 30 anos da edição do seu primeiro disco. Da face misteriosa at","Pedro Abrunhosa presented 'Viagens 3.0' at the Super Bock Arena in Porto, celebrating 30 years since the release of his first album. From the mysterious face…",https://www.rtp.pt/play/p14230/e877702/pedro-abrunhosa-viagens-30
Music & concerts,Nininho Vaz Maia - Meo Arena 2025,Nininho Vaz Maia - MEO Arena 2025,special,18 set. 2025,yes,"Estreia de Nininho Vaz Maia na maior sala do país. O artista fenómeno que em pouco mais de três anos de carreira esgotou os Coliseus, o Campo Peque","Nininho Vaz Maia's debut at the country's biggest venue. The phenomenal artist who, in just over three years of his career, sold out the Coliseums, Campo Peque…",https://www.rtp.pt/play/p15574/e876479/nininho-vaz-maia-meo-arena-2025
Music & concerts,Laura - O Musical,Laura - The Musical,special,19 jul. 2025,yes,Laura Alves foi a maior comediante do século XX. A sua lenda permanece viva na memória dos portugueses atravessando várias gerações. 'Laura - O M,Laura Alves was the greatest comic actress of the 20th century. Her legend lives on in the memory of the Portuguese across several generations. 'Laura - The M…,https://www.rtp.pt/play/p15241/e865426/laura-o-musical
Music & concerts,David Fonseca - Still 25,David Fonseca - Still 25,special,13 jun. 2025,yes,David Fonseca regressou ao Coliseu dos Recreios para uma viagem pela sua carreira de 25 anos de forma original e surpreendente: um espectáculo que cr,David Fonseca returned to the Coliseu dos Recreios for a journey through his 25-year career in an original and surprising way: a show that cr…,https://www.rtp.pt/play/p14194/e857096/david-fonseca-still-25
Music & concerts,José Afonso e as Gerações de Abril,José Afonso and the Generations of April,special,10 abr. 2025,yes,"Celebrámos em 2024 um encontro memorável, que foi o da entrega dos prémios da Casa da Imprensa, a 29 de Março de 1974. Com a presença de muitos m",In 2024 we celebrated a memorable gathering: the Casa da Imprensa awards ceremony of 29 March 1974. With many m…,https://www.rtp.pt/play/p13244/e842452/jose-afonso-e-as-geracoes-de-abril
Music & concerts,Alentejo World Heritage Festival,Alentejo World Heritage Festival,special,24 out. 2024,yes,"A segunda edição do Alentejo World Heritage Festival, que aconteceu em junho, na vila de Cabrela, celebrou o encontro de culturas entre Portugal e C","The second edition of the Alentejo World Heritage Festival, which took place in June in the village of Cabrela, celebrated the meeting of cultures between Portugal and C…",https://www.rtp.pt/play/p14000/e803982/alentejo-world-heritage-festival
Music & concerts,Em Casa d´ Amália ao Vivo,At Amália's House Live,1,21 set. 2024,yes,"Ao longo dos últimos meses a Casa d´Amália percorreu as mais bonitas praças do país. Pode agora revisitar Estremoz, Viseu, Montemor o Novo, Santa","Over the last few months, Casa d'Amália has toured the most beautiful squares in the country. You can now revisit Estremoz, Viseu, Montemor-o-Novo, Santa…",https://www.rtp.pt/play/p13861/e796073/em-casa-d-amalia-ao-vivo
Music & concerts,Zé Amaro - Tour Cowboy Português,Zé Amaro - Portuguese Cowboy Tour,special,21 jul. 2024,yes,"Concerto de Zé Amaro, o 'cowboy português', gravado no Coliseu de Lisboa e inserido na 'Tour Cowboy Português', com os temas que se tornaram verdad","A concert by Zé Amaro, the 'Portuguese cowboy', recorded at the Coliseu de Lisboa as part of the 'Portuguese Cowboy Tour', with the songs that have become true…",https://www.rtp.pt/play/p13654/e784691/ze-amaro-tour-cowboy-portugues
Music & concerts,Axel - O Meu Natal Live in São Paulo,Axel - My Christmas Live in São Paulo,special,30 dez. 2023,yes,"O cantor e apresentador Axel celebra o Natal com um concerto especial que reúne os cancioneiros português, brasileiro e internacional - tradicionais","Singer and presenter Axel celebrates Christmas with a special concert that brings together Portuguese, Brazilian and international songbooks - traditional…",https://www.rtp.pt/play/p12611/e738196/axel-o-meu-natal-live-in-sao-paulo
Music & concerts,"A Música para Mudar o Mundo: Luz, Paz, Fé, Amor","Music to Change the World: Light, Peace, Faith, Love",special,30 ago. 2023,yes,"É de Luís Pedro Fonseca a eterna canção 'Sempre que o Amor me Quiser', interpretada por Lena D´Água, com versões de bandas atuais. Fez parte da","Luís Pedro Fonseca wrote the timeless song 'Sempre que o Amor me Quiser', performed by Lena D'Água, with versions by current bands. It was part of the…",https://www.rtp.pt/play/p12162/e712681/a-musica-para-mudar-o-mundo-luz-paz-fe-amor
Music & concerts,A Pequena Sereia: O Musical,The Little Mermaid: The Musical,special,09 abr. 2023,no,'A Pequena Sereia' é a maravilhosa história da filha mais nova do Rei dos Mares que ansiava completar quinze anos para poder subir à superfície da,"'The Little Mermaid' is the wonderful story of the youngest daughter of the Sea King, who longed to turn fifteen so she could rise to the surface of the…",https://www.rtp.pt/play/p11606/e684066/a-pequena-sereia-o-musical
Music & concerts,O Pimba é Nosso,Pimba Is Ours,special,13 nov. 2021,yes,"Desde o início da década de 2010, a música pimba é influenciada por géneros dançáveis, como o funaná (normalmente apelidado 'kuduro').Muitos m","Since the early 2010s, pimba music has been influenced by dance genres such as funaná (usually called 'kuduro'). Many m…",https://www.rtp.pt/play/p9117/e582508/o-pimba-e-nosso
Music & concerts,"Histórias do Fado - Nova Vaga: Gaspar Varela, João Filipe e Teresinha Landeiro","Stories of Fado - New Wave: Gaspar Varela, João Filipe and Teresinha Landeiro",special,22 jan. 2021,no,"Nova Vaga: Gaspar Varela, João Filipe e Teresinha Landeiro - Chegou a altura de apresentar os mais novos: Teresinha Landeiro (fadista), João Filipe ","New Wave: Gaspar Varela, João Filipe and Teresinha Landeiro - It's time to introduce the youngest: Teresinha Landeiro (fado singer), João Filipe …",https://www.rtp.pt/play/p8070/e519562/historias-do-fado
Music & concerts,A Guitarra de Coimbra,The Coimbra Guitar,special,23 ago. 2020,yes,"Uma reflexão pessoal sem restrições, onde a representação das mulheres, os mais importantes construtores, a boémia, a história coimbrã e a div","An unrestricted personal reflection, in which the representation of women, the most important guitar makers, the bohemian life, Coimbra's history and the div…",https://www.rtp.pt/play/p6333/e489668/a-guitarra-de-coimbra
Music & concerts,Romani,Romani,special,20 ago. 2020,yes,"Um povo com raça defende a sua identidade cultural - e a da população cigana é inabalável, envolve relações viscerais. Esta fibra toma o palco ","A people with spirit defends its cultural identity - and that of the Roma population is unshakeable, built on visceral bonds. This fibre takes the stage …",https://www.rtp.pt/play/p3011/e489198/romani
Music & concerts,Kota Bonga,Kota Bonga,special,11 mai. 2019,yes,"Educado num tempo em que o respeito pelos mais velhos era fundamental, aprendeu com esses kotas a ser o Kota que é. Bonga nunca se inibiu de dizer o ","Brought up in a time when respect for elders was essential, he learned from those kotas to be the Kota he is. Bonga has never held back from saying …",https://www.rtp.pt/play/p5767/e406308/kota-bonga
Music & concerts,A Arte Elétrica em Portugal - A Idade Adulta,Electric Art in Portugal - Adulthood,special,02 dez. 2015,yes,A Idade Adulta - Os anos 90 são o culminar de um processo que teve início nos anos 60. Estes anos são marcados pelo encerramento do Rock Rendez-Vou,Adulthood - The 90s are the culmination of a process that began in the 60s. These years are marked by the closure of Rock Rendez-Vou…,https://www.rtp.pt/play/p2094/e216094/a-arte-eletrica-em-portugal
Nature & science,E a Bosta Aqui Tão Perto,And the Dung So Close By,1,09 set. 2026,no,"Ignorada, evitada ou desvalorizada nas nossas sociedades modernas, a bosta merece ser redescoberta. Fonte de inspiração, de jogos ou de criação ar","Ignored, avoided or undervalued in our modern societies, dung deserves to be rediscovered. A source of inspiration, of games or of artistic creat…",https://www.rtp.pt/play/p16314/e952557/e-a-bosta-aqui-tao-perto
Nature & science,Terra de Lendas,Land of Legends,4,08 set. 2026,no,"Sob o Reinado do Ar - Elemento invisível e intangível, o ar cria eventos espetaculares, como os poderosos tornados nos Estados Unidos, as violentas ","Under the Reign of Air - An invisible and intangible element, air creates spectacular events, such as the powerful tornadoes in the United States, the violent …",https://www.rtp.pt/play/p15784/e952358/terra-de-lendas
Nature & science,Os Estreitos do Mundo,Straits of the World,2,06 set. 2026,no,"Magalhães - Um Oásis numa Terra Extrema - Criado pelo recuo dos glaciares, o Estreito de Magalhães liga o Pacífico ao Atlântico e separa a Terra ","Magellan - An Oasis in an Extreme Land - Created by retreating glaciers, the Strait of Magellan connects the Pacific to the Atlantic and separates Tierra …",https://www.rtp.pt/play/p17069/e952030/os-estreitos-do-mundo
Nature & science,Atenção - Frágil: As Lagoas de Brenne,Handle with Care: The Ponds of Brenne,1,05 set. 2026,no,"Brenne, a terra dos mil lagos, situada no coração de França, entre Berry, Touraine e Poitou, alberga uma das mais vastas zonas húmidas continentai","Brenne, the land of a thousand lakes, located in the heart of France, between Berry, Touraine and Poitou, is home to one of the largest inland wetlands…",https://www.rtp.pt/play/p16555/e951922/atencao-fragil-as-lagoas-de-brenne
Nature & science,Construir Coisas,Building Things,1,04 set. 2026,no,"Atingir! - Desde que a nossa espécie evoluiu pela primeira vez, estamos em movimento. Não nos contentando em ficar num só lugar, imaginámos, inven","Reach! - Ever since our species first evolved, we have been on the move. Not content to stay in one place, we imagined, inven…",https://www.rtp.pt/play/p15767/e951696/construir-coisas
Nature & science,A Floresta,The Forest,1,29 ago. 2026,no,"Quando o conceituado ecologista Tom Crowther estimou que o nosso planeta tem espaço para mais um trilião de árvores, que poderiam absorver carbono ","When the renowned ecologist Tom Crowther estimated that our planet has room for another trillion trees, which could absorb carbon …",https://www.rtp.pt/play/p17068/e950674/a-floresta
Nature & science,Glaciares - Uma Corrida Contra o Tempo,Glaciers - A Race Against Time,1,26 ago. 2026,no,"Colapso dos glaciares, inundações por transbordamento dos lagos glaciares, subida do nível do mar, desestabilização das correntes oceânicas... ","Collapsing glaciers, glacial lake outburst floods, rising sea levels, destabilised ocean currents… …",https://www.rtp.pt/play/p16645/e950116/glaciares-uma-corrida-contra-o-tempo
Nature & science,Salvar o Vison Europeu,Saving the European Mink,1,04 ago. 2026,no,Desde novembro de 2011 que o vison europeu está classificado pela União Internacional para a Conservação da Natureza (UICN) como criticamente em p,"Since November 2011, the European mink has been classified by the International Union for Conservation of Nature (IUCN) as critically en…",https://www.rtp.pt/play/p16612/e946643/salvar-o-vison-europeu
Nature & science,Guerra dos Tronos dos Leopardos,Leopard Game of Thrones,3,26 jul. 2026,no,"No anterior episódio,Thandi, a nova rainha de Djuma, teve de criar Tlalamba, a princesa irrequieta. Entretanto, Hosana, o jovem príncipe, está a ap","In the previous episode, Thandi, the new queen of Djuma, had to raise Tlalamba, the restless princess. Meanwhile, Hosana, the young prince, is lear…",https://www.rtp.pt/play/p14837/e944975/guerra-dos-tronos-dos-leopardos
Nature & science,O Regresso da Natureza,The Return of Nature,1,26 jul. 2026,no,"O mundo natural parece ser regido por uma mudança constante, com a vida repleta de reviravoltas inesperadas. Quer seja influenciada pelos seres human","The natural world seems to be ruled by constant change, with life full of unexpected twists. Whether influenced by human…",https://www.rtp.pt/play/p16940/e943182/o-regresso-da-natureza
Nature & science,Destino Animal,Animal Destiny,6,25 jul. 2026,no,Os Três Pequenos Javalis Africanos - Três pequenos javalis saem da sua toca pela primeira vez. Têm apenas alguns dias de vida.Ao longo das estaçõ,The Three Little Warthogs - Three little warthogs leave their burrow for the first time. They are only a few days old. Over the seasons…,https://www.rtp.pt/play/p9353/e944805/animal-destinies
Nature & science,Armadilhas e Emboscadas,Traps and Ambushes,2,25 jul. 2026,no,Emboscadas - Passar despercebido é a principal tática de sobrevivência. Caçadores e presas recorrem frequentemente a esta máxima para sobreviver ,Ambushes - Going unnoticed is the main survival tactic. Hunters and prey frequently turn to this maxim to survive…,https://www.rtp.pt/play/p16943/e944809/armadilhas-e-emboscadas
Nature & science,George nas Copas das Árvores,George in the Treetops,1,25 jul. 2026,no,"George é um jovem macaco-esquilo da América do Sul. A sua aventura começa quando uma harpia mata a sua mãe. De repente, o pequeno vê-se obrigado ","George is a young squirrel monkey from South America. His adventure begins when a harpy eagle kills his mother. Suddenly, the little one finds himself forced…",https://www.rtp.pt/play/p16960/e944852/george-nas-copas-das-arvores
Nature & science,Namíbia - Viver em Pleno Deserto,Namibia - Living in the Heart of the Desert,1,19 jul. 2026,no,"O deserto da Namíbia é uma região de desafios extremos, mas muitos procuram ali a fortuna. Immanuel Frederick é especialista em casos complexos en","The Namib desert is a region of extreme challenges, but many seek their fortune there. Immanuel Frederick is a specialist in complex cases…",https://www.rtp.pt/play/p16324/e937540/namibia-viver-em-pleno-deserto
Nature & science,O Caso do Castor,The Case of the Beaver,1,15 jul. 2026,no,"O castor-europeu é um habitante bem estabelecido nos cursos de água franceses. No entanto, esteve à beira da extinção e deve a sua sobrevivência","The European beaver is a well-established inhabitant of French waterways. However, it was on the brink of extinction and owes its survival…",https://www.rtp.pt/play/p16563/e942709/o-caso-do-castor
Nature & science,Os Segredos Selvagens da China,The Wild Secrets of China,6,15 jul. 2026,no,"As Montanhas Míticas - O sudeste da China alberga uma das florestas subtropicais mais antigas e intocadas do mundo: as montanhas Wuyi, Património Mu","The Mythical Mountains - Southeast China is home to one of the oldest and most untouched subtropical forests in the world: the Wuyi Mountains, a World Heritage…",https://www.rtp.pt/play/p16840/e942725/os-segredos-selvagens-da-china
Nature & science,Sensualidade Bestial: Necessidade de Procriar,Bestial Sensuality: The Need to Breed,1,14 jul. 2026,no,"Motivadas por uma libertação de hormonas, todas as criaturas do planeta, grandes ou pequenas, farão tudo o que for preciso para encontrar e garanti","Driven by a release of hormones, every creature on the planet, great or small, will do whatever it takes to find and secure…",https://www.rtp.pt/play/p15578/e942478/sensualidade-bestial-necessidade-de-procriar
Nature & science,Biosfera,Biosphere,12+,11 jul. 2026,yes,Estará o edificado de hoje mais preparado para a ocorrência de um tremor...,Are today's buildings better prepared for the occurrence of an earth...,https://www.rtp.pt/play/p16211/e941970/biosfera
Nature & science,Vale Savé: Um Milagre Selvagem,Savé Valley: A Wild Miracle,1,11 jul. 2026,no,"No Zimbabué, existe um vasto vale que, após gerações de agricultura e pecuária, viu o seu ambiente natural restaurado e a vida selvagem regressar","In Zimbabwe, there is a vast valley which, after generations of farming and livestock rearing, has seen its natural environment restored and wildlife return…",https://www.rtp.pt/play/p16524/e941991/vale-save-um-milagre-selvagem
Nature & science,Bandidos Mascarados,Masked Bandits,1,28 jun. 2026,no,"Trapaceiros furtivos na noite, adoráveis patifes que provocam o caos na sombra. Um rápido assalto ao caixote do lixo e quando nós acordamos... já ","Stealthy tricksters in the night, adorable rascals who cause chaos in the shadows. A quick raid on the rubbish bin and by the time we wake up... already…",https://www.rtp.pt/play/p15429/e939165/bandidos-mascarados
Nature & science,Gangues Selvagens,Wild Gangs,1,27 jun. 2026,no,"A vida pode ser difícil, mas torna-se muito mais fácil quando se tem amigos para nos dar apoio. Embora nós, humanos, tendamos a temer o pior quando","Life can be hard, but it becomes much easier when you have friends to support you. Although we humans tend to fear the worst when…",https://www.rtp.pt/play/p14890/e939124/gangues-selvagens
Nature & science,Onde Está a Água?,Where Is the Water?,2,26 jun. 2026,yes,"2ª Parte - A aldeia de Pisão, em Portalegre, espera por uma barragem há 70 anos. Entre avanços e recuos, as obras avançaram no último ano. Ainda","Part 2 - The village of Pisão, in Portalegre, has been waiting for a dam for 70 years. After advances and setbacks, the works moved forward in the last year. Still…",https://www.rtp.pt/play/p16865/e939505/onde-esta-a-agua
Nature & science,O Bando Selvagem,The Wild Bunch,2,20 jun. 2026,no,"Assassinos Frios e Calculistas - Ladrões, delinquentes, psicopatas, assassinos... É justo dizer que atividades como pilhagem, assassínio e roubo oc","Cold, Calculating Killers - Thieves, delinquents, psychopaths, murderers... It is fair to say that activities such as looting, murder and theft occ…",https://www.rtp.pt/play/p15242/e937437/o-bando-selvagem
Nature & science,O Sopro da Terra,The Breath of the Earth,1,20 jun. 2026,no,"Entre os quatro elementos da natureza, o vento é o mais misterioso, mas também o que mais desperta a imaginação. Graças às mais recentes investi","Of the four elements of nature, wind is the most mysterious, but also the one that most sparks the imagination. Thanks to the latest research…",https://www.rtp.pt/play/p16849/e937370/o-sopro-da-terra
Nature & science,Zonas Húmidas Misteriosas,Mysterious Wetlands,1,19 jun. 2026,no,"Num mundo envolto em névoa e mistério, onde o tempo parece abrandar, as turfeiras revelam-se ecossistemas únicos e vitais para o equilíbrio do pla","In a world shrouded in mist and mystery, where time seems to slow down, peat bogs prove to be unique ecosystems, vital to the balance of the planet…",https://www.rtp.pt/play/p16633/e926321/zonas-humidas-misteriosas
Nature & science,O Paraíso no Limite: Os Efeitos das Mudanças Climáticas na Fauna Polar,Paradise on the Edge: The Effects of Climate Change on Polar Wildlife,1,18 jun. 2026,no,"No Ártico, as temperaturas estão a subir quatro vezes mais rápido do que nas regiões temperadas. Essa aceleração deve-se à perda de gelo marinh","In the Arctic, temperatures are rising four times faster than in temperate regions. This acceleration is due to the loss of sea ice…",https://www.rtp.pt/play/p16246/e936823/o-paraiso-no-limite-os-efeitos-das-mudancas-climaticas-na-fauna-polar
Nature & science,Elefantes - Os Arquitetos da Floresta Tropical,Elephants - The Architects of the Rainforest,1,17 jun. 2026,no,"No Gabão, os elefantes são considerados vizinhos. A maioria das pessoas, no entanto, vê-os como vizinhos difíceis, que ameaçam os seus meios de s","In Gabon, elephants are considered neighbours. Most people, however, see them as difficult neighbours who threaten their livelihoods…",https://www.rtp.pt/play/p16341/e936714/elefantes-os-arquitetos-da-floresta-tropical
Nature & science,Um Grupo de Chitas Nunca Visto,A Cheetah Group Like Never Before,1,14 jun. 2026,no,Fortes e Unidos - As mães separam-se quando Inara parte com cinco filhotes. Ela marcha e tenta caçar incansavelmente mas falha repetidas vezes. Acab,Strong and United - The mothers split up when Inara leaves with five cubs. She marches on and tries tirelessly to hunt but fails again and again. She ends up…,https://www.rtp.pt/play/p15187/e935984/um-grupo-de-chitas-nunca-visto
Nature & science,Gronelândia sob Pressão,Greenland Under Pressure,1,04 jun. 2026,no,"Com o degelo dos glaciares e o descongelamento do permafrost, animais e seres humanos enfrentam mudanças drásticas. Enquanto alguns beneficiam desta","With glaciers melting and permafrost thawing, animals and humans face drastic changes. While some benefit from this…",https://www.rtp.pt/play/p16817/e933899/gronelandia-sob-pressao
Nature & science,Inteligência Portuguesa,Portuguese Intelligence,5,11 mai. 2026,yes,Banca Mais Ética e Transparente - A Goparity democratiza o investimento sustentável com crowdlending acessível a partir de 10 euros. Transparência,More Ethical and Transparent Banking - Goparity democratises sustainable investment with crowdlending accessible from 10 euros. Transparency…,https://www.rtp.pt/play/p16575/e928153/inteligencia-portuguesa
Nature & science,As Ilhas de Nicobar - A Ressurreição de um Arquipélago,The Nicobar Islands - The Resurrection of an Archipelago,1,09 mai. 2026,no,As Ilhas Nicobar foram profundamente afetadas pelo devastador tsunami de 2004. Este documentário oferece uma visão da capacidade de adaptação da n,The Nicobar Islands were deeply affected by the devastating 2004 tsunami. This documentary offers a view of nature's capacity to adapt…,https://www.rtp.pt/play/p16663/e927857/as-ilhas-de-nicobar-a-ressurreicao-de-um-arquipelago
Nature & science,Um Planeta Inquieto,A Restless Planet,4,11 abr. 2026,no,"A Grande Colisão - Este episódio aborda a formação do istmo do Panamá entre a América do Sul e a América do Norte, um evento geológico profund","The Great Collision - This episode looks at the formation of the Isthmus of Panama between South America and North America, a profound geological event…",https://www.rtp.pt/play/p16441/e921567/um-planeta-inquieto
Nature & science,Natureza: Um Apelo à Reconciliação,Nature: A Call for Reconciliation,4,19 mar. 2026,no,"Combinando poesia, ciência e emoção, o documentário traça em 2 episódios a história da vida, desde as origens cósmicas até à evolução no n","Combining poetry, science and emotion, the documentary traces, over 2 episodes, the history of life, from its cosmic origins to evolution in…",https://www.rtp.pt/play/p15813/e916307/natureza-um-apelo-a-reconciliacao
Nature & science,Tubarões: Máquinas Assassinas,Sharks: Killing Machines,3,08 fev. 2026,no,"Com a ajuda de caçadores de tubarões locais e especialistas em localização desta espécie, acompanhe esta jornada de três dias que persegue algun","With the help of local shark hunters and experts in tracking this species, follow this three-day journey in pursuit of some…",https://www.rtp.pt/play/p15616/e907597/shark
Nature & science,O Mar do Nosso Futuro,The Sea of Our Future,1,17 nov. 2025,no,"Portugal, um país moldado pelo oceano, enfrenta agora o desafio de equilibrar o crescimento económico e a conservação marinha. O documentário 'O ","Portugal, a country shaped by the ocean, now faces the challenge of balancing economic growth and marine conservation. The documentary 'The…",https://www.rtp.pt/play/p14672/e889828/o-mar-do-nosso-futuro
Nature & science,Era Bonito Vê-la Pensar,It Was Beautiful to Watch Her Think,1,30 out. 2025,no,"O percurso de Paula Coutinho (1941-2022), médica neurologista, professora e investigadora, pioneira da Neurogenética em Portugal, reconhecida intern","The life and career of Paula Coutinho (1941-2022), a neurologist, lecturer and researcher, pioneer of neurogenetics in Portugal, internationally recognised…",https://www.rtp.pt/play/p13057/e885822/era-bonito-ve-la-pensar
Nature & science,Contagem Decrescente para Caçar,Countdown to the Hunt,5,11 out. 2025,no,"De leopardos e lobos a tubarões e cobras, testemunhe o poder brutal e a tenacidade dos predadores mais extraordinários da natureza numa jornada pela","From leopards and wolves to sharks and snakes, witness the brutal power and tenacity of nature's most extraordinary predators on a journey through…",https://www.rtp.pt/play/p15558/e881348/predator-countdown
Nature & science,O Meu Diário das Lontras,My Otter Diary,1,18 set. 2025,no,"Sugandhi Gadadhar, cineasta de vida selvagem e exploradora da National Geographic, revela a vida lúdica e resiliente das lontras-indianas num dos cur","Sugandhi Gadadhar, a wildlife filmmaker and National Geographic explorer, reveals the playful and resilient life of Indian otters in one of the…",https://www.rtp.pt/play/p15547/e876173/o-meu-diario-das-lontras
Nature & science,Furnas - O Vulcão da água,Furnas - The Water Volcano,2,02 set. 2025,yes,Foi a água que atraiu o Homem para o Vulcão das Furnas e que o fez instalar-se no seu interior. Este documentário faz-nos perceber a atração que ,It was water that drew people to the Furnas Volcano and led them to settle inside it. This documentary helps us understand the attraction that…,https://www.rtp.pt/play/p13091/e873162/furnas-o-vulcao-da-agua
Nature & science,Para Além do Cérebro,Beyond the Brain,12+,01 set. 2025,yes,"As descobertas mais intrigantes e desafiadoras da mente humana, da Psicologia à Parapsicologia…","The most intriguing and challenging discoveries about the human mind, from Psychology to Parapsychology…",https://www.rtp.pt/play/p14962/e885084/para-alem-do-cerebro
Nature & science,Parques Naturais dos Açores - 10 Anos,Natural Parks of the Azores - 10 Years,1,04 jul. 2025,yes,"Em 2018 a Região Autónoma dos Açores iniciou a instalação de 9 parques naturais, de forma a assegurar uma gestão integrada, coerente e sustentá","In 2018 the Autonomous Region of the Azores began setting up 9 natural parks, in order to ensure integrated, coherent and sustainable management…",https://www.rtp.pt/play/p15176/e861911/parques-naturais-dos-acores-10-anos
Nature & science,"Lisboa, Outras Formas de Vida","Lisbon, Other Forms of Life",1,22 mar. 2025,no,"Com milénios de ocupação humana, Lisboa foi crescendo para responder às necessidades da população. A cidade pode parecer um refúgio improvável","With millennia of human occupation, Lisbon has grown to meet the needs of its population. The city may seem an unlikely refuge…",https://www.rtp.pt/play/p14706/e838179/lisboa-outras-formas-de-vida
Nature & science,"Portugal, uma História Natural","Portugal, a Natural History",8,18 jan. 2025,no,Uma grande viagem pelo coração selvagem de Portugal…,A great journey through the wild heart of Portugal…,https://www.rtp.pt/play/p14054/e823561/portugal-uma-historia-natural
Nature & science,A Revolução da Energia Limpa,The Clean Energy Revolution,2,02 dez. 2024,yes,Poderemos viver sem combustíveis fósseis? Portugal acredita que sim: o sol e o vento já superam os investimentos nacionais em gás e carvão e há ,"Can we live without fossil fuels? Portugal believes so: sun and wind already outstrip national investment in gas and coal, and there is…",https://www.rtp.pt/play/p14153/e812969/a-revolucao-da-energia-limpa
Nature & science,Fauna Ibérica,Iberian Wildlife,6,02 nov. 2024,no,Espécies que coexistem na mesma área frequentemente competem por recursos e muitas vezes são o alimento de outras. Mas há casos em que elas colabo,Species that coexist in the same area often compete for resources and are frequently food for others. But there are cases where they cooperate…,https://www.rtp.pt/play/p13860/e805908/fauna-iberica
Nature & science,Gorongosa - Regresso ao Paraíso Selvagem,Gorongosa - Return to a Wild Paradise,1,22 set. 2024,yes,"É o maior programa de recuperação da vida selvagem em todo o continente Africano. O Parque Nacional da Gorongosa, em Moçambique ganha vida nova. R","It is the largest wildlife recovery programme on the entire African continent. Gorongosa National Park, in Mozambique, is getting a new lease of life…",https://www.rtp.pt/play/p13725/e796182/gorongosa-regresso-ao-paraiso-selvagem
Nature & science,A Península,The Peninsula,5,03 ago. 2024,no,"Das Montanhas à Costa - Devido às barreiras geográficas que separam a Península Ibérica do resto do mundo, a vida evoluiu de uma forma muito cara","From the Mountains to the Coast - Because of the geographical barriers that separate the Iberian Peninsula from the rest of the world, life has evolved in a very distinctive way…",https://www.rtp.pt/play/p13620/e787091/a-peninsula-as-montanhas
Nature & science,Segredos Médicos de Lisboa,Medical Secrets of Lisbon,11,06 jul. 2024,yes,Uma viagem para conhecermos o património e curiosidades da cidade de Lisboa relacionados com a história da Medicina…,A journey to discover the heritage and curiosities of the city of Lisbon connected with the history of Medicine…,https://www.rtp.pt/play/p13322/e781265/segredos-medicos-de-lisboa
Nature & science,O Mundo dos Pica-Paus,The World of Woodpeckers,1,16 dez. 2023,no,"Os pica-paus são os maiores construtores do mundo dos pássaros. Com descobertas surpreendentes, este documentário revela os meandros do mercado imo","Woodpeckers are the greatest builders in the bird world. With surprising discoveries, this documentary reveals the ins and outs of the property market…",https://www.rtp.pt/play/p12536/e735488/knock-knock-a-woodpeckers-world
Nature & science,Cegonha Branca - Entre a Igreja e o Penhasco,White Stork - Between the Church and the Cliff,1,20 nov. 2023,yes,Este documentário dá a conhecer o ciclo de vida de uma das mais emblemáticas aves portuguesas: a cegonha-branca. Com destaque especial a uma rarida,This documentary introduces the life cycle of one of Portugal's most iconic birds: the white stork. With special focus on a rarity…,https://www.rtp.pt/play/p12446/e789078/cegonha-branca-entre-a-igreja-e-o-penhasco
Nature & science,Guerreiras pela Natureza,Warriors for Nature,6,02 out. 2023,yes,O regresso do Lince-ibérico à Natureza só foi possível graças ao trabalho de Joana Pechem e dos seus colegas no Centro de Reprodução no Algarve,The return of the Iberian lynx to the wild was only possible thanks to the work of Joana Pechem and her colleagues at the Breeding Centre in the Algarve…,https://www.rtp.pt/play/p12227/e719055/guerreiras-pela-natureza
Nature & science,Madeira Profunda,Deep Madeira,12+,27 set. 2023,yes,Conhecer uma outra realidade deste arquipélago…,Getting to know another side of this archipelago…,https://www.rtp.pt/play/p11948/e878038/madeira-profunda
Nature & science,Vírus - Parasitas Obrigatórios,Viruses - Obligate Parasites,3,24 jan. 2023,yes,Como Tudo Começou - As pandemias acontecem por causa da relação que o ser humano tem com a natureza. Os desequilíbrios que estamos a causar levam-,How It All Began - Pandemics happen because of the relationship human beings have with nature. The imbalances we are causing lead…,https://www.rtp.pt/play/p9768/e667834/virus
Nature & science,A Ilha dos Gigantes,The Island of Giants,1,03 set. 2022,yes,"O cameraman subaquático, Nuno Sá, e o investigador cientifico, Jorge Fontes, juntam esforços para tentar desvendar um segredo que esconde a pequena",Underwater cameraman Nuno Sá and scientific researcher Jorge Fontes join forces to try to uncover a secret hidden by the small…,https://www.rtp.pt/play/p10414/e638493/a-ilha-dos-gigantes
Nature & science,Ecomare - Investigação e Salvamento de Espécies Marinhas,Ecomare - Research and Rescue of Marine Species,1,18 jul. 2022,yes,"Inaugurado por Marcelo Rebelo de Sousa, em 2017, o Ecomare é um Laboratório para a Inovação e Sustentabilidade dos Recursos Biológicos Marinhos d","Inaugurated by Marcelo Rebelo de Sousa in 2017, Ecomare is a Laboratory for Innovation and Sustainability of Marine Biological Resources…",https://www.rtp.pt/play/p10504/e630184/ecomare-investigacao-e-salvamento-de-especies-marinhas
Nature & science,Sardinha Portuguesa - Uma Riqueza Natural,Portuguese Sardines - A Natural Treasure,1,11 jul. 2022,yes,"Atualmente, os produtos da pesca são praticamente os únicos alimentos 'selvagens' consumidos com regularidade em Portugal e em muitos outros países","Today, fishery products are practically the only 'wild' foods regularly eaten in Portugal and in many other countries…",https://www.rtp.pt/play/p10485/e628756/sardinha-portuguesa-uma-riqueza-natural
Nature & science,Planeta A,Planet A,9,13 jun. 2022,yes,Série documental sobre o desafio da sustentabilidade que pretende mostrar que ainda é possível construir um planeta sustent…,A documentary series about the challenge of sustainability that aims to show that it is still possible to build a sustainab…,https://www.rtp.pt/play/p10207/e623185/planeta-a
Nature & science,As Novas Viagens Philosophicas,The New Philosophical Journeys,12+,12 ago. 2021,yes,Série documental de 13 episódios sobre o trabalho desenvolvido por cientistas portugueses em 14 países…,A documentary series of 13 episodes about the work carried out by Portuguese scientists in 14 countries…,https://www.rtp.pt/play/p9047/e562373/as-novas-viagens-philosophicas
Nature & science,A Nossa Gorongosa,Our Gorongosa,1,24 mai. 2021,yes,"O Parque Nacional da Gorongosa, em Moçambique, tornou-se uma das mais célebres histórias de restauração da vida selvagem em África.","Gorongosa National Park, in Mozambique, has become one of the most famous wildlife restoration stories in Africa.",https://www.rtp.pt/play/p8431/e546441/a-nossa-gorongosa
Nature & science,As Febres do Século,The Fevers of the Century,1,31 mar. 2021,no,"As pandemias não são uma novidade para a Humanidade. A mais próxima da COVID-19, em dimensão e gravidade, foi a Pneumónica, de 1918/1919. Um núm",Pandemics are nothing new for humanity. The one closest to COVID-19 in scale and severity was the Spanish flu of 1918/1919. A number…,https://www.rtp.pt/play/p8364/e534510/as-febres-do-seculo
Nature & science,Deus Cérebro,Brain God,4,01 fev. 2021,no,Inesgotável - A fusão entre cérebro humano e tecnologia já começou. Neurociência e cibernética unem-se para criar uma nova espécie ciborgue. Q,Inexhaustible - The fusion of the human brain and technology has already begun. Neuroscience and cybernetics are joining forces to create a new cyborg species…,https://www.rtp.pt/play/p8309/e808796/deus-cerebro
Nature & science,Ahh! Ciência nos Açores,Ahh! Science in the Azores,7,29 jan. 2021,yes,"Em sete episódios, visite os Centros de Ciência dos Açores.","Over seven episodes, visit the Science Centres of the Azores.",https://www.rtp.pt/play/p8046/e763488/ha-ciencia-nos-acores
Nature & science,"Mar, a Última Fronteira","The Sea, the Last Frontier",7,28 dez. 2019,yes,"Porto Santo e Ilhas Selvagens - A equipa de 'Mar, A Última Fronteira' parte à descoberta de uma extensa área marinha protegida, ao largo das solare","Porto Santo and the Savage Islands - The team of 'The Sea, the Last Frontier' sets out to discover a vast marine protected area off the sunny…",https://www.rtp.pt/play/p6437/e447411/mar-a-ultima-fronteira
Nature & science,Grande é Belo,Big Is Beautiful,1,06 abr. 2019,no,"O mundo está cheio de gigantes, animais enormes que nos enchem de temor, de assombro mas também de fascínio. Há várias formas de definir 'grande'","The world is full of giants, enormous animals that fill us with fear and awe but also with fascination. There are various ways to define 'big'…",https://www.rtp.pt/play/p5639/e399659/grande-e-belo
Portuguese TV series,A Escrava Isaura,Isaura the Slave Girl,5,10 set. 2026,no,"Remake da novela que marcou a televisão portuguesa. Uma jovem escrava luta pela liberdade e pelo amor num mundo marcado pela injustiça, paixão e poder…","A remake of the soap opera that left its mark on Portuguese television. A young enslaved woman fights for freedom and for love in a world shaped by injustice, passion and power…",https://www.rtp.pt/play/p16884/e952790/a-escrava-isaura
Portuguese TV series,Sul,South,4,04 set. 2026,no,"Uma série de investigação policial baseada na crise financeira do país, realizada por Ivo M. Ferreira…","A police investigation series based on the country's financial crisis, directed by Ivo M. Ferreira…",https://www.rtp.pt/play/p6242/e951651/sul
Portuguese TV series,Ponto Nemo,Point Nemo,4,27 ago. 2026,no,Segunda temporada da coprodução luso-espanhola que junta Margarida Corceiro e Sara Matos no elenco principal…,Second season of the Portuguese-Spanish co-production that brings together Margarida Corceiro and Sara Matos in the lead cast…,https://www.rtp.pt/play/p16719/e950315/ponto-nemo
Portuguese TV series,Salto de Fé,Leap of Faith,12+,21 ago. 2026,yes,"As aventuras de um padre jovem, incapaz de dizer mentiras, que é enviado para uma paróquia no interior do país, onde todo o seu otimismo cristão e ingenuidade natural vão ser postos à prova por um ""rebanho"" de pecadores…","The adventures of a young priest, incapable of telling lies, who is sent to a parish in the countryside, where all his Christian optimism and natural naivety will be put to the test by a ""flock"" of sinners…",https://www.rtp.pt/play/p17009/e947093/salto-de-fe
Portuguese TV series,A Rainha e a Bastarda,The Queen and the Bastard,8,20 ago. 2026,no,"Uma série de época, que nos conta a história de um mistério no reinado de D. Dinis e da Rainha Santa Isabel e a vida do reino de Portugal no século XIV…","A period series that tells the story of a mystery during the reign of King Dinis and Queen Saint Isabel, and of life in the kingdom of Portugal in the 14th century…",https://www.rtp.pt/play/p9987/e949016/a-rainha-e-a-bastarda
Portuguese TV series,Millennial Mal,Millennial Mal,5,30 jul. 2026,no,"Judith, uma assistente de biblioteca na casa dos 40 anos, recebe inesperadamente uma bolsa a que se candidatou há vinte anos. Embora a princ…","Judith, a library assistant in her forties, unexpectedly receives a grant she applied for twenty years ago. Although at fir…",https://www.rtp.pt/play/p16930/e945811/millennial-mal
Portuguese TV series,O Alto,The High Ground,7,15 jul. 2026,yes,"A história de uma família aristocrata que, depois de regressar do exílio, encontra um Portugal totalmente diferente…","The story of an aristocratic family who, after returning from exile, find a completely different Portugal…",https://www.rtp.pt/play/p2395/e940151/o-alto
Portuguese TV series,Ecos do Mar,Echoes of the Sea,6,04 jun. 2026,yes,"Aurora e Armindo, um casal de idosos, decidem desistir da vida entrando no mar, mas, ao emergirem, descobrem que rejuvenesceram. Jovens de novo, enfre…","Aurora and Armindo, an elderly couple, decide to give up on life by walking into the sea, but when they come back up they discover that they have grown young again. Young once more, they fa…",https://www.rtp.pt/play/p16742/e929421/ecos-do-mar
Portuguese TV series,Adónis,Adonis,6,30 mai. 2026,no,"Comédia protagonizada por Renato Godinho, com Lídia Franco, Custódia Gallego, Valerie Braddel, Paula Guedes, Maria Emília Correia, Paula Mora, Paula Só, Cristina Cavalinhos, Paula de Magalhães e Sílvia Rizzo…","A comedy starring Renato Godinho, with Lídia Franco, Custódia Gallego, Valerie Braddel, Paula Guedes, Maria Emília Correia, Paula Mora, Paula Só, Cristina Cavalinhos, Paula de Magalhães and Sílvia Rizzo…",https://www.rtp.pt/play/p16725/e930778/adonis
Portuguese TV series,O Bairro do Humor,The Comedy Neighbourhood,7,20 mai. 2026,yes,"O retrato de um Portugal que está na moda, mas onde a visita de uma equipa de televisão norte-americana vai dar origem a situações caricatas…","A portrait of a Portugal that is in fashion, but where the visit of an American television crew gives rise to comical situations…",https://www.rtp.pt/play/p16515/e930396/o-bairro-do-humor
Portuguese TV series,Novas Narrativas de Caça,New Hunting Narratives,7,20 mai. 2026,no,"Série com 7 episódios independentes que exploram a busca de identidade e pertença de personagens negros, portugueses afrodescendentes…","A series of 7 standalone episodes exploring the search for identity and belonging of Black characters, Portuguese people of African descent…",https://www.rtp.pt/play/p16705/e927728/novas-narrativas-de-caca
Portuguese TV series,Madrugada Suja,Dirty Dawn,6,18 mai. 2026,yes,"Um thriller dramático onde corrupção, poder, crime e justiça se entrelaçam numa narrativa profundamente humana e atual…","A dramatic thriller in which corruption, power, crime and justice intertwine in a deeply human and timely story…",https://www.rtp.pt/play/p16574/e929424/madrugada-suja
Portuguese TV series,Finisterra,Finisterra,7,10 mai. 2026,no,"Uma história de mistério, superstição e resistência à opressão, com Leonor Vasconcelos, Miguel Guilherme, Rui Pedro Silva e Gonçalo Waddington nos papéis principais…","A story of mystery, superstition and resistance to oppression, with Leonor Vasconcelos, Miguel Guilherme, Rui Pedro Silva and Gonçalo Waddington in the leading roles…",https://www.rtp.pt/play/p14671/e928549/finisterra
Portuguese TV series,Fernão Lopes: O Renegado,Fernão Lopes: The Renegade,6,07 mai. 2026,no,Escudeiro português. Mercenário renegado. Muçulmano exilado. Místico ecologista. Quem é Fernão Lopes?,Portuguese squire. Renegade mercenary. Exiled Muslim. Ecological mystic. Who is Fernão Lopes?,https://www.rtp.pt/play/p16484/e927320/fernao-lopes-o-renegado
Portuguese TV series,3000 Depois de Cristo,3000 AD,10,10 abr. 2026,yes,"""3000 Depois de Cristo"" é uma série de antologia que consiste em 10 histórias distintas, todas passadas no ano 3000, e…","""3000 Depois de Cristo"" is an anthology series made up of 10 separate stories, all set in the year 3000, and…",https://www.rtp.pt/play/p16534/e920803/3000-depois-de-cristo
Portuguese TV series,Algodão a Frio,Cold Cotton,6,24 mar. 2026,yes,"Série realizada por Ricardo Leite com Diana Sousa Lara, Vítor Silva Costa, Paulo Calatré, Catarina Avelar, Dinarte Branco, Rodrigo Saraiva e Ana Marta Ferreira…","A series directed by Ricardo Leite with Diana Sousa Lara, Vítor Silva Costa, Paulo Calatré, Catarina Avelar, Dinarte Branco, Rodrigo Saraiva and Ana Marta Ferreira…",https://www.rtp.pt/play/p16470/e917652/algodao-a-frio
Portuguese TV series,Um Filme do Caraças,One Hell of a Film,3,24 fev. 2026,yes,"Uma minissérie de Hugo Diogo com Pedro Alves, Eduardo Madeira, Ana Arrebentinha, António Machado, Herman José...","A miniseries by Hugo Diogo with Pedro Alves, Eduardo Madeira, Ana Arrebentinha, António Machado, Herman José...",https://www.rtp.pt/play/p16393/e909640/um-filme-do-caracas
Portuguese TV series,Homens de Honra,Men of Honour,8,16 fev. 2026,yes,"Dois homens. Dois percursos. Duas lutas. As vidas de Álvaro Cunhal e Mário Soares, protagonistas do nascimento da democracia portuguesa…","Two men. Two paths. Two struggles. The lives of Álvaro Cunhal and Mário Soares, key figures in the birth of Portuguese democracy…",https://www.rtp.pt/play/p16364/e908725/homens-de-honra
Portuguese TV series,Sangue & Mármore,Blood & Marble,5,12 fev. 2026,yes,Uma telenovela musical noir inspirada no álbum de David Bruno com o mesmo nome.,A noir musical soap opera inspired by David Bruno's album of the same name.,https://www.rtp.pt/play/p16345/e906423/sangue-e-marmore
Portuguese TV series,Refúgio do Medo,Refuge of Fear,8,29 jan. 2026,no,"Um thriller intenso que cruza mistério, trauma e drama numa coprodução que junta Portugal e a Islândia. Maria João Bastos, Catarina Rebelo e Ivo Canelas integram o elenco principal…","An intense thriller that blends mystery, trauma and drama in a co-production bringing together Portugal and Iceland. Maria João Bastos, Catarina Rebelo and Ivo Canelas are part of the main cast…",https://www.rtp.pt/play/p16257/e914157/refugio-do-medo
Portuguese TV series,Casa Abrigo,Safe House,6,27 out. 2025,no,"Série inspirada em histórias reais de mulheres vítimas de violência doméstica, protagonizada por Maria João Pinho, Leonor Silveira, Filomena Gigante, Rita Cabaço e Ana Sofia Martins…","A series inspired by the true stories of women who are victims of domestic violence, starring Maria João Pinho, Leonor Silveira, Filomena Gigante, Rita Cabaço and Ana Sofia Martins…",https://www.rtp.pt/play/p15745/e884515/casa-abrigo
Portuguese TV series,Pedro e Inês,Pedro and Inês,12+,22 out. 2025,yes,"O amor impossível que D. Pedro e Inês de Castro viveram, vai apaixonar os portugueses nesta série de Moita Flores…",The impossible love shared by King Pedro and Inês de Castro will win over Portuguese hearts in this series by Moita Flores…,https://www.rtp.pt/play/p15679/e883579/pedro-e-ines
Portuguese TV series,Espias,Spies,7,20 out. 2025,no,"Um thriller de espionagem passado em Portugal na Segunda Guerra Mundial protagonizado por Madalena Almeida, Maria João Bastos, Ana Vilela da Costa, Lúcia Moniz, Gabriela Barros, Kelly Bailey e Daniela Ruah…","An espionage thriller set in Portugal during the Second World War, starring Madalena Almeida, Maria João Bastos, Ana Vilela da Costa, Lúcia Moniz, Gabriela Barros, Kelly Bailey and Daniela Ruah…",https://www.rtp.pt/play/p15506/e881956/espias
Portuguese TV series,Filmar para o Boneco,Filming for the Puppet,1,01 out. 2025,yes,100 Anos da Associação Protectora dos Diabéticos de Portugal - Insulina para Todos…,100 Years of the Portuguese Diabetics' Protection Association - Insulin for All…,https://www.rtp.pt/play/p15648/e879221/filmar-para-o-boneco
Portuguese TV series,Situações Delicadas,Delicate Situations,6,15 set. 2025,yes,"Três amigas com vidas normais, até que um momento de pânico transforma tudo…","Three friends with ordinary lives, until a moment of panic changes everything…",https://www.rtp.pt/play/p15139/e885194/situacoes-delicadas
Portuguese TV series,Felp,Felp,12+,06 set. 2025,yes,"Uma comédia sobre diferença, identidade e empatia. Mas com enchimento. E olhos de plástico.","A comedy about difference, identity and empathy. But with stuffing. And plastic eyes.",https://www.rtp.pt/play/p15442/e873404/felp
Portuguese TV series,Lume,Fire,6,25 jul. 2025,no,Thriller jornalístico que mergulha na origem dos incêndios que todos os anos assolam a zona fronteiriça entre a Galiza e Portugal…,A journalistic thriller that dives into the origins of the fires that ravage the border area between Galicia and Portugal every year…,https://www.rtp.pt/play/p15099/e866434/lume
Portuguese TV series,Até Que a Vida Nos Separe,Until Life Do Us Part,8,23 jul. 2025,no,"Uma família unida na alegria e na tristeza, na saúde e na doença, até que a vida os una ou os separe…","A family united in joy and in sorrow, in sickness and in health, until life brings them together or pulls them apart…",https://www.rtp.pt/play/p8352/e866320/ate-que-a-vida-nos-separe
Portuguese TV series,Ruído,Noise,8,25 jun. 2025,yes,Série de humor da autoria de Bruno Nogueira…,A comedy series written by Bruno Nogueira…,https://www.rtp.pt/play/p14914/e859592/ruido
Portuguese TV series,Daqui Houve Resistência,There Was Resistance Here,5,02 mai. 2025,yes,"Série baseada em factos e personalidades reais, sobre a resistência e luta antifascista, centrada a norte de Portugal, durante os treze anos que antecederam o 25 de abril de 1974…","A series based on real events and real people, about anti-fascist resistance and struggle, centred on the north of Portugal, during the thirteen years leading up to 25 April 1974…",https://www.rtp.pt/play/p14856/e846576/daqui-houve-resistencia
Portuguese TV series,O Americano,The American,8,20 jan. 2025,no,"A história de um gangue, que no início da década de 1980, aterrorizou o Algarve, cometendo mais de vinte assaltos a bancos…","The story of a gang that, in the early 1980s, terrorised the Algarve, committing more than twenty bank robberies…",https://www.rtp.pt/play/p14147/e823676/o-americano
Portuguese TV series,Salgueiro Maia - O Implicado,Salgueiro Maia - The Implicated,5,25 nov. 2024,yes,"A história de Salgueiro Maia. Uma minissérie realizada por Sérgio Graciano, com Tomás Alves como protagonista e com a participação de Catarina Wallenstein, Filipa Areosa, José Condessa...","The story of Salgueiro Maia. A miniseries directed by Sérgio Graciano, starring Tomás Alves and featuring Catarina Wallenstein, Filipa Areosa, José Condessa...",https://www.rtp.pt/play/p11670/e811379/salgueiro-maia-o-implicado
Portuguese TV series,Hotel do Rio,River Hotel,4,05 ago. 2024,no,"Uma série de João Canijo com Anabela Moreira, Rita Blanco, Beatriz Batarda, Madalena Almeida, Cleia Almeida, Nuno Lopes...","A series by João Canijo with Anabela Moreira, Rita Blanco, Beatriz Batarda, Madalena Almeida, Cleia Almeida, Nuno Lopes...",https://www.rtp.pt/play/p13656/e784233/hotel-do-rio
Portuguese TV series,Ministério do Tempo,Ministry of Time,5,20 mar. 2024,no,"""A máquina do tempo não existe. O que existe são as portas do tempo!""…","""The time machine doesn't exist. What exists are the doors of time!""…",https://www.rtp.pt/play/p13094/e755981/ministerio-do-tempo
Portuguese TV series,Caminhos da Alma - Fátima,Paths of the Soul - Fátima,5,07 mar. 2024,yes,A viagem de 11 mulheres ao longo de nove dias e 400km até chegarem a Fátima…,The journey of 11 women over nine days and 400km until they reach Fátima…,https://www.rtp.pt/play/p3868/e753209/caminhos-da-alma-fatima
Portuguese TV series,KM 224,KM 224,3,28 dez. 2023,yes,"Uma minissérie realizada por António-Pedro Vasconcelos, com José Fidalgo e Ana Varela nos papéis principais…","A miniseries directed by António-Pedro Vasconcelos, with José Fidalgo and Ana Varela in the leading roles…",https://www.rtp.pt/play/p12606/e842910/km-224
Portuguese TV series,Lusitânia,Lusitania,6,18 dez. 2023,yes,Lendas portuguesas inspiradas no nosso vasto e rico folclore…,Portuguese legends inspired by our vast and rich folklore…,https://www.rtp.pt/play/p12425/e923608/lusitania
Portuguese TV series,Codex 632,Codex 632,6,06 nov. 2023,no,"Série inspirada no romance homónimo de José Rodrigues dos Santos, realizada por Sérgio Graciano, com a participação de Paulo Pires, Deborah Secco, Ana Sofia Martins, Betty Faria...","A series inspired by the novel of the same name by José Rodrigues dos Santos, directed by Sérgio Graciano, featuring Paulo Pires, Deborah Secco, Ana Sofia Martins, Betty Faria...",https://www.rtp.pt/play/p12280/e811438/codex-632
Portuguese TV series,Regresso a Ítaca,Return to Ithaca,10,25 set. 2023,yes,"Com autoria e realização de Ricardo Cabaça, ""Regresso a Ítaca"" é uma reescrita da Odisseia de Homero, onde um homem que sentiu medo durante a guerra volta a uma cidade que já não lhe pertence, numa narrativa contemporânea, muito longe da Grécia Antiga.","Written and directed by Ricardo Cabaça, ""Regresso a Ítaca"" is a reworking of Homer's Odyssey, in which a man who felt fear during the war returns to a city that no longer belongs to him, in a contemporary story far removed from Ancient Greece.",https://www.rtp.pt/play/p11186/e717639/regresso-a-itaca
Portuguese TV series,Ao Largo,Offshore,12+,17 ago. 2023,yes,Os destinos de uma família e de uma pequena comunidade estão nas mãos de uma mulher em fuga e de um pai em apuros…,The fates of a family and of a small community are in the hands of a woman on the run and a father in trouble…,https://www.rtp.pt/play/p12076/e710341/ao-largo
Portuguese TV series,Sara,Sara,8,23 jul. 2023,no,Primeira série televisiva do realizador Marco Martins a partir de uma ideia original de Bruno Nogueira…,"The first television series by director Marco Martins, based on an original idea by Bruno Nogueira…",https://www.rtp.pt/play/p4996/e706686/sara
Portuguese TV series,Capitães do Açúcar,Sugar Captains,8,26 jun. 2023,yes,"Um série realizada por Ricardo Leite com Tiago Sarmento, Diana Sousa Lara, Vicente Wallenstein, Igor Regalla e José Mata nos papéis principais…","A series directed by Ricardo Leite with Tiago Sarmento, Diana Sousa Lara, Vicente Wallenstein, Igor Regalla and José Mata in the leading roles…",https://www.rtp.pt/play/p11653/e701127/capitaes-do-acucar
Portuguese TV series,Emília,Emília,6,01 mai. 2023,yes,Uma série sobre a ansiedade de crescer na era digital…,A series about the anxiety of growing up in the digital age…,https://www.rtp.pt/play/p11652/e811540/emilia
Portuguese TV series,Motel Valkirias,Valkyries Motel,8,17 abr. 2023,no,"Drama que conta a vida de três mulheres, com grandes problemas económicos e pessoais, que se cruzam de forma fortuita, tendo como cenário um motel transfronteiriço entre Galiza e Portugal…","A drama telling the story of three women with serious financial and personal problems, whose paths cross by chance, set in a motel on the border between Galicia and Portugal…",https://www.rtp.pt/play/p11392/e685517/motel-valkirias
Portuguese TV series,Operação Maré Negra,Operation Black Tide,5,10 mar. 2023,no,"Segunda temporada da série Operação Maré Negra, uma coprodução RTP e Prime Video, que conta com a participação de Soraia Chaves e Pêpê Rapazote…","Second season of the series Operação Maré Negra, an RTP and Prime Video co-production, featuring Soraia Chaves and Pêpê Rapazote…",https://www.rtp.pt/play/p11364/e676322/operacao-mare-negra
Portuguese TV series,Abandonados,Abandoned,7,15 fev. 2023,no,"Uma história de coragem e de sacrifício sobre-humano, ocorrida em Timor durante a II Guerra Mundial, com a invasão do Japão. Uma série de Francisco Manso com Marco Delgado, António Pedro Cerdeira, Chico Diaz, Elmano Sancho, Francisco Froes, Joaquim Nicolau, entre outros…","A story of courage and superhuman sacrifice that took place in Timor during the Second World War, with the Japanese invasion. A series by Francisco Manso with Marco Delgado, António Pedro Cerdeira, Chico Diaz, Elmano Sancho, Francisco Froes, Joaquim Nicolau, among others…",https://www.rtp.pt/play/p11073/e811382/abandonados
Portuguese TV series,Crimes Submersos,Submerged Crimes,8,28 jan. 2023,no,"Crimes Submersos retrata a investigação de um crime que permaneceu oculto durante anos e reúne no elenco nomes como Marco D´Almeida, Elena Rivera, Guilherme Filipe, Rodolfo Sancho, Margarida Marinho, Soraia Chaves, Paula Lobo Antunes e Rita Loureiro…","Crimes Submersos portrays the investigation of a crime that remained hidden for years, and its cast includes names such as Marco D´Almeida, Elena Rivera, Guilherme Filipe, Rodolfo Sancho, Margarida Marinho, Soraia Chaves, Paula Lobo Antunes and Rita Loureiro…",https://www.rtp.pt/play/p9875/e683986/crimes-submersos
Portuguese TV series,Cuba Libre,Cuba Libre,6,26 out. 2022,no,"A atribulada luta de Annie Silva Pais, filha única do último diretor da polícia política de Salazar, apaixonada por Che Guevara e pela Cuba de Fidel Castro…","The troubled struggle of Annie Silva Pais, the only daughter of the last director of Salazar's political police, in love with Che Guevara and with Fidel Castro's Cuba…",https://www.rtp.pt/play/p10683/e812333/cuba-libre
Portuguese TV series,3 Mulheres - Pós Revolução,3 Women - After the Revolution,10,22 jun. 2022,no,"3 Mulheres - Pós-Revolução é uma ideia original de Fernando Vendrell e Elsa Garcia, protagonizada por Soraia Chaves, Maria João Bastos e Victoria Guerra, que conta a história de Natália Correia, Snu Abecassis e Maria Armanda Falcão/Vera Lagoa…","3 Mulheres - Pós-Revolução is an original idea by Fernando Vendrell and Elsa Garcia, starring Soraia Chaves, Maria João Bastos and Victoria Guerra, telling the story of Natália Correia, Snu Abecassis and Maria Armanda Falcão/Vera Lagoa…",https://www.rtp.pt/play/p10209/e763491/3-mulheres-pos-revolucao
Portuguese TV series,Refrigerantes e Canções de Amor,Soft Drinks and Love Songs,3,24 dez. 2021,yes,Título Original: Refrigerantes e Canções de Amor - Minissérie…,Original title: Refrigerantes e Canções de Amor - Miniseries…,https://www.rtp.pt/play/p6633/e746203/refrigerantes-cancoes-de-amor
Portuguese TV series,Chegar a Casa,Coming Home,8,27 out. 2021,no,"Um projeto realizado por Sérgio Graciano que junta atores portugueses e espanhóis, com argumento de Filipa Poppe e Joana Andrade…","A project directed by Sérgio Graciano that brings together Portuguese and Spanish actors, written by Filipa Poppe and Joana Andrade…",https://www.rtp.pt/play/p9213/e812661/chegar-a-casa
Portuguese TV series,Crónica dos Bons Malandros,Chronicle of the Good Rascals,8,18 ago. 2021,yes,Série baseada no famoso livro de Mário Zambujal…,A series based on the famous book by Mário Zambujal…,https://www.rtp.pt/play/p8013/e563231/cronica-dos-bons-malandros
Portuguese TV series,Vento Norte,North Wind,10,16 jun. 2021,yes,"Um romance histórico, rico em intriga e em drama que nos traz uma visão de um Portugal à beira da Ditadura, em plenos anos loucos, em que tudo parecia possível…","A historical romance, rich in intrigue and drama, that gives us a view of a Portugal on the brink of dictatorship, in the midst of the roaring twenties, when everything seemed possible…",https://www.rtp.pt/play/p8741/e811830/vento-norte
Portuguese TV series,Ordem Moral,Moral Order,3,03 abr. 2021,no,"Baseado num caso real, a história da herdeira do Diário de Notícias…","Based on a real case, the story of the heiress of the Diário de Notícias…",https://www.rtp.pt/play/p8690/e750193/ordem-moral
Portuguese TV series,O Atentado,The Attack,10,25 nov. 2020,no,"Série portuguesa de 10 episódios, baseada em factos, que conta a história do atentado ocorrido em 1937 contra Oliveira Salazar…","A Portuguese series of 10 episodes, based on real events, telling the story of the 1937 assassination attempt on Oliveira Salazar…",https://www.rtp.pt/play/p7675/e824540/o-atentado
Portuguese TV series,Conta-me Como Foi,Tell Me How It Was,12+,25 abr. 2020,yes,Reencontre os Lopes a viver o turbilhão em que está Portugal nos anos 80…,Meet the Lopes family again as they live through the whirlwind that Portugal is going through in the 1980s…,https://www.rtp.pt/play/p6487/e468952/conta-me-como-foi
Portuguese TV series,Hotel 5 Estrelas,5-Star Hotel,12+,30 mar. 2020,yes,"À medida que o tempo vai passando, o hotel vai perdendo excelência e, consequentemente, as suas estrelas...","As time goes by, the hotel loses its excellence and, consequently, its stars...",https://www.rtp.pt/play/p1055/e464217/hotel-5-estrelas
Portuguese TV series,A Canção de Lisboa - Minissérie,The Song of Lisbon - Miniseries,3,29 dez. 2019,no,"Minissérie,em remake da popular comédia de 1933, com Vasco Santana, Beatriz Costa e António Silva.","A miniseries remaking the popular 1933 comedy starring Vasco Santana, Beatriz Costa and António Silva.",https://www.rtp.pt/play/p6570/e810607/a-cancao-de-lisboa-miniserie
Portuguese TV series,Água de Mar,Sea Water,12+,11 set. 2019,no,"Água de Mar é uma série urbana que tem por palco principal a Academia das Artes. Na terceira temporada, todos os segredos serão revelados, todas as mentiras serão descobertas. Mas terão todos os crimes cometidos o devido castigo.","Água de Mar is an urban series whose main setting is the Academia das Artes. In the third season, every secret will be revealed and every lie uncovered. But will every crime committed receive its due punishment?",https://www.rtp.pt/play/p1599/e427062/agua-de-mar
Portuguese TV series,Os Maias,The Maias,4,29 jun. 2019,no,"""Os Maias"" numa adaptação de João Botelho…","""Os Maias"" in an adaptation by João Botelho…",https://www.rtp.pt/play/p2198/e821177/os-maias
Portuguese TV series,Circo Paraíso,Paradise Circus,12+,27 mar. 2019,yes,O dia a dia de um circo numa pequena e pacata vila…,"Day-to-day life at a circus in a small, quiet town…",https://www.rtp.pt/play/p5188/e397302/circo-paraiso
Portuguese TV series,Verão M,Summer M,12+,27 out. 2018,no,"Umas férias de Verão repletas de amizade, paixão e aventura…","A summer holiday full of friendship, passion and adventure…",https://www.rtp.pt/play/p4862/e828194/verao-m
Portuguese TV series,Vidago Palace,Vidago Palace,6,28 jul. 2018,no,"Romance, paixões, ódios, traições, mistério e suspense nos glamourosos anos 30…","Romance, passions, hatreds, betrayals, mystery and suspense in the glamorous 1930s…",https://www.rtp.pt/play/p3354/e286865/vidago-palace
Portuguese TV series,Os Filhos do Rock,The Children of Rock,12+,29 jun. 2018,yes,O rock volta a fazer história!... na nova série de época da RTP com a história da geração que atravessou os melhores anos do rock em Portugal...,Rock is making history again!... in RTP's new period series telling the story of the generation that lived through the best years of rock in Portugal...,https://www.rtp.pt/play/p1366/e354165/os-filhos-do-rock
Portuguese TV series,O Sábio,The Wise One,12+,08 jun. 2018,yes,"A história de um homem que reaparece numa cidade, onde desapareceu misteriosamente há 20 anos…",The story of a man who reappears in a city where he mysteriously disappeared 20 years ago…,https://www.rtp.pt/play/p3019/e350667/o-sabio
Portuguese TV series,Dentro,Inside,12+,27 abr. 2018,yes,"Pedro, um jovem recém-licenciado em psicologia é colocado como estagiário num estabelecimento prisional feminino…","Pedro, a young psychology graduate, is placed as an intern in a women's prison…",https://www.rtp.pt/play/p2773/e812264/dentro
Portuguese TV series,4Play,4Play,12+,21 dez. 2017,yes,"Uma série de comédia repleta de sexo, droga e rock´n´roll, com um Porto underground como pano de fundo…","A comedy series full of sex, drugs and rock'n'roll, set against the backdrop of an underground Porto…",https://www.rtp.pt/play/p3909/e321813/4play
Portuguese TV series,"Sim, Chef!","Yes, Chef!",12+,13 dez. 2017,yes,"""Sim, Chef!"" é uma comédia deliciosa, com personagens hilariantes e um verdadeiro banquete de histórias, para deleite de todos…","""Sim, Chef!"" is a delicious comedy, with hilarious characters and a real feast of stories, for everyone's enjoyment…",https://www.rtp.pt/play/p3676/e838000/sim-chef
Portuguese TV series,Miúdo Graúdo,Grown-Up Kid,12+,20 jan. 2017,yes,Um menino prodígio inventa uma máquina do tempo capaz de trazer para o presente 20 anos mais velho…,A child prodigy invents a time machine capable of bringing him into the present 20 years older…,https://www.rtp.pt/play/p2774/e760763/eu-miudo-eu-graudo
Portuguese TV series,Bem-vindos a Beirais,Welcome to Beirais,12+,24 set. 2016,yes,"Quando não podes voltar a falhar, o sucesso é o único caminho possível.","When you can't afford to fail again, success is the only way forward.",https://www.rtp.pt/play/p1222/e875579/bem-vindos-a-beirais
Portuguese TV series,Os Nossos Dias,Our Days,12+,08 abr. 2016,yes,É mais do que uma história de vingança. Uma luta constante pela verdade e justiça. Um jogo onde ninguém pode confiar em ninguém…,It is more than a story of revenge. A constant fight for truth and justice. A game where no one can trust anyone…,https://www.rtp.pt/play/p1844/e231058/os-nossos-dias
Portuguese TV series,Agora a Sério,Now Seriously,12+,17 jul. 2015,yes,Uma sitcom que retrata o dia a dia de um grupo de jornalistas…,A sitcom portraying the daily lives of a group of journalists…,https://www.rtp.pt/play/p1895/e202275/agora-a-serio
Theatre,Júlia,Júlia,special,01 mar. 2023,yes,"Interessa refletir sobre o ser humano, ele próprio, na sua promiscuidade, na sua intimidade, na sua totalidade. Despir o Jean e a Júlia como forma d","The point is to reflect on the human being itself, in its promiscuity, in its intimacy, in its totality. To strip Jean and Júlia bare as a way of…",https://www.rtp.pt/play/p4320/e675550/julia
Theatre,Ver Mais Sobre Ti,See More About You,special,18 abr. 2020,yes,"Três mulheres trabalham num sistema de controlo de privacidade e política de dados.Vigiam as pessoas que visualizam um anúncio, ao mesmo tempo que ","Three women work on a privacy control and data policy system. They monitor the people who view an advert, while at the same time…",https://www.rtp.pt/play/p7084/e467708/ver-mais-sobre-ti
